molecule_chembl_id,canonical_smiles,standard_value,class
CHEMBL314057,CCN(CC)CC.O=C(N[C@H](Cc1c[nH]c2ccccc12)C(=O)NCCCCCCCCCCCCOP(=O)(O)Oc1ccccc1Cl)c1ccccc1,7300.0,intermediate
CHEMBL266842,CC(C)(C)OC(=O)N[C@H](Cc1cc2ccccc2[nH]1)C(=O)N[C@@H](Cc1c[nH]c2ccccc12)C(=O)NCCCC(=O)NCC(=O)NCCCCCCOP(=O)(O)Oc1ccccc1Cl.CCN(CC)CC,100000.0,inactive
CHEMBL314847,CC(C)(C)OC(=O)N[C@H](Cc1c[nH]c2ccccc12)C(=O)NCCCCCCOP(=O)(O)Oc1ccccc1Cl.CCN(CC)CC,100000.0,inactive
CHEMBL86984,CC(C)(C)OC(=O)N1CCC[C@@H]1C(=O)N[C@H](Cc1c[nH]c2ccccc12)C(=O)NCCCCCCCCCCCCOP(=O)(O)Oc1ccccc1Cl.CCN(CC)CC,9500.0,intermediate
CHEMBL87554,CCN(CC)CC.N[C@H](Cc1cc2ccccc2[nH]1)C(=O)N[C@H](Cc1c[nH]c2ccccc12)C(=O)NCCCC(=O)NCC(=O)NCCCCCCOP(=O)(O)Oc1ccccc1Cl,100000.0,inactive
CHEMBL421541,CC(C)(C)OC(=O)N[C@H](Cc1cc2ccccc2[nH]1)C(=O)N[C@@H](Cc1c[nH]c2ccccc12)C(=O)NCCCCCCCCCCCCOP(=O)(O)Oc1ccccc1Cl.CCN(CC)CC,100000.0,inactive
CHEMBL313345,CCN(CC)CC.O=C(N[C@H](Cc1c[nH]c2ccccc12)C(=O)NCCCCCCCCCCCCOP(=O)(O)Oc1ccccc1Cl)[C@H]1CCCN1,100000.0,inactive
CHEMBL262163,CCN(CC)CC.N[C@H](Cc1c[nH]c2ccccc12)C(=O)NCCCCCCCCCCCCOP(=O)(O)Oc1ccccc1Cl,45200.0,inactive
CHEMBL407131,CC(C)(C)OC(=O)N[C@@H](Cc1cc2ccccc2[nH]1)C(=O)N[C@H](Cc1c[nH]c2ccccc12)C(=O)NCCCC(=O)NCC(=O)NCCCCCCOP(=O)(O)Oc1ccccc1Cl.CCN(CC)CC,100000.0,inactive
CHEMBL315431,CCN(CC)CC.N[C@@H](Cc1ccccc1)C(=O)N[C@H](Cc1c[nH]c2ccccc12)C(=O)NCCCCCCCCCCCCOP(=O)(O)Oc1ccccc1Cl,100000.0,inactive
CHEMBL315220,CC(C)(C)OC(=O)N[C@H](CCC(=O)O)C(=O)N[C@H](Cc1c[nH]c2ccccc12)C(=O)NCCCCCCCCCCCCOP(=O)(O)Oc1ccccc1Cl.CCN(CC)CC,100000.0,inactive
CHEMBL405650,CCN(CC)CC.N[C@@H](Cc1cc2ccccc2[nH]1)C(=O)N[C@@H](Cc1c[nH]c2ccccc12)C(=O)NCCCCCCCCCCCCOP(=O)(O)Oc1ccccc1Cl,11100.0,inactive
CHEMBL313020,CCN(CC)CC.N[C@H](Cc1cc2ccccc2[nH]1)C(=O)N[C@@H](Cc1c[nH]c2ccccc12)C(=O)NCCCCCCCCCCCCOP(=O)(O)Oc1ccccc1Cl,10600.0,inactive
CHEMBL87116,CC(=O)N[C@H](Cc1cc2ccccc2[nH]1)C(=O)N[C@H](Cc1c[nH]c2ccccc12)C(=O)NCCCCCCCCCCCCOP(=O)(O)Oc1ccccc1Cl.CCN(CC)CC,22900.0,inactive
CHEMBL316111,CCN(CC)CC.N[C@H](Cc1cc2ccccc2[nH]1)C(=O)N[C@@H](Cc1c[nH]c2ccccc12)C(=O)NCCCC(=O)NCC(=O)NCCCCCCOP(=O)(O)Oc1ccccc1Cl,100000.0,inactive
CHEMBL314864,CCN(CC)CC.O=C(N[C@H](Cc1c[nH]c2ccccc12)C(=O)NCCCCCCCCCCCCOP(=O)(O)Oc1ccccc1Cl)OCc1ccccc1,3600.0,intermediate
CHEMBL86349,CCN(CC)CC.O=C(Cc1c[nH]c2ccccc12)NCCCCCCCCCCCCOP(=O)(O)Oc1ccccc1Cl,33900.0,inactive
CHEMBL313922,CCN(CC)CC.N[C@H](Cc1c[nH]c2ccccc12)C(=O)NCCCCCCOP(=O)(O)Oc1ccccc1Cl,100000.0,inactive
CHEMBL314040,CC(C)(C)OC(=O)N[C@H](Cc1ccccc1)C(=O)N[C@H](Cc1c[nH]c2ccccc12)C(=O)NCCCCCCCCCCCCOP(=O)(O)Oc1ccccc1Cl.CCN(CC)CC,6800.0,intermediate
CHEMBL313818,CCN(CC)CC.O=C(CCCc1c[nH]c2ccccc12)NCCCCCCCCCCCCOP(=O)(O)Oc1ccccc1Cl,29700.0,inactive
CHEMBL432562,CC(C)(C)OC(=O)N[C@@H](Cc1cc2ccccc2[nH]1)C(=O)N[C@@H](Cc1c[nH]c2ccccc12)C(=O)NCCCCCCCCCCCCOP(=O)(O)Oc1ccccc1Cl.CCN(CC)CC,300.0,active
CHEMBL274683,CC(C)(C)OC(=O)N[C@H](Cc1cc2ccccc2[nH]1)C(=O)N[C@H](Cc1c[nH]c2ccccc12)C(=O)NCCCC(=O)NCC(=O)NCCCCCCOP(=O)(O)Oc1ccccc1Cl.CCN(CC)CC,100000.0,inactive
CHEMBL86404,CCN(CC)CC.O=C(N[C@H](Cc1ccccc1)C(=O)NCCCCCCCCCCCCOP(=O)(O)Oc1ccccc1Cl)OCc1ccccc1,100000.0,inactive
CHEMBL85748,CC(C)(C)OC(=O)N[C@@H](Cc1c[nH]c2ccccc12)C(=O)NCCCCCCCCCCCCOP(=O)(O)Oc1ccccc1Cl.CCN(CC)CC,20700.0,inactive
CHEMBL86385,CCN(CC)CC.N[C@@H](Cc1cc2ccccc2[nH]1)C(=O)N[C@H](Cc1c[nH]c2ccccc12)C(=O)NCCCC(=O)NCC(=O)NCCCCCCOP(=O)(O)Oc1ccccc1Cl,100000.0,inactive
CHEMBL85239,CC(C)(C)OC(=O)N[C@H](Cc1c[nH]c2ccccc12)C(=O)NCCCCCCCCCCCCOP(=O)(O)Oc1ccccc1Cl.CCN(CC)CC,18300.0,inactive
CHEMBL409072,CCN(CC)CC.N[C@H](Cc1ccccc1)C(=O)N[C@H](Cc1c[nH]c2ccccc12)C(=O)NCCCCCCCCCCCCOP(=O)(O)Oc1ccccc1Cl,22100.0,inactive
CHEMBL437042,CCN(CC)CC.O=C(CNC(=O)OCc1ccccc1)N[C@H](Cc1c[nH]c2ccccc12)C(=O)NCCCCCCCCCCCCOP(=O)(O)Oc1ccccc1Cl,12100.0,inactive
CHEMBL85749,CCN(CC)CC.N[C@@H](Cc1c[nH]c2ccccc12)C(=O)NCCCCCCCCCCCCOP(=O)(O)Oc1ccccc1Cl,15100.0,inactive
CHEMBL314161,CC(C)(C)OC(=O)N[C@@H](Cc1ccccc1)C(=O)N[C@H](Cc1c[nH]c2ccccc12)C(=O)NCCCCCCCCCCCCOP(=O)(O)Oc1ccccc1Cl.CCN(CC)CC,100000.0,inactive
CHEMBL430453,CCN(CC)CC.Cc1cn(CCCn2cc(CC(=O)NCCOCCOCCOCCOP(=O)(O)Oc3ccccc3Cl)c3ccccc32)c2ccccc12,100000.0,inactive
CHEMBL84794,CC(=O)N[C@H](Cc1c[nH]c2ccccc12)C(=O)NCCCCCCCCCCCCOP(=O)(O)Oc1ccccc1Cl.CCN(CC)CC,90700.0,inactive
CHEMBL313673,CCN(CC)CC.N[C@H](CCC(=O)O)C(=O)N[C@H](Cc1c[nH]c2ccccc12)C(=O)NCCCCCCCCCCCCOP(=O)(O)Oc1ccccc1Cl,100000.0,inactive
CHEMBL85434,CC(C)(C)OC(=O)N[C@@H](Cc1cc2ccccc2[nH]1)C(=O)N[C@H](Cc1c[nH]c2ccccc12)C(=O)NCCCCCCCCCCCCOP(=O)(O)Oc1ccccc1Cl.CCN(CC)CC,100000.0,inactive
CHEMBL313009,CCN(CC)CC.Cc1cn(CCCn2cc(CC(=O)NCCCCCCOP(=O)(O)Oc3ccccc3Cl)c3ccccc32)c2ccccc12,29400.0,inactive
CHEMBL431613,CC(C)(C)OC(=O)N[C@H](Cc1cc2ccccc2[nH]1)C(=O)N[C@H](Cc1c[nH]c2ccccc12)C(=O)NCCCCCCCCCCCCOP(=O)(O)Oc1ccccc1Cl.CCN(CC)CC,18900.0,inactive
CHEMBL384288,CC(C)(C)OC(=O)N[C@@H](Cc1cc2ccccc2[nH]1)C(=O)N[C@@H](Cc1c[nH]c2ccccc12)C(=O)NCCCC(=O)NCC(=O)NCCCCCCOP(=O)(O)Oc1ccccc1Cl.CCN(CC)CC,100000.0,inactive
CHEMBL83234,CCN(CC)CC.N[C@@H](Cc1cc2ccccc2[nH]1)C(=O)N[C@@H](Cc1c[nH]c2ccccc12)C(=O)NCCCC(=O)NCC(=O)NCCCCCCOP(=O)(O)Oc1ccccc1Cl,100000.0,inactive
CHEMBL83388,CCN(CC)CC.Cc1cn(CCCn2cc(CC(=O)NCCCCCCCCCCCCOP(=O)(O)Oc3ccccc3Cl)c3ccccc32)c2ccccc12,3600.0,intermediate
CHEMBL87237,CC(C)(C)OC(=O)N[C@H](CCC(=O)OCc1ccccc1)C(=O)N[C@H](Cc1c[nH]c2ccccc12)C(=O)NCCCCCCCCCCCCOP(=O)(O)Oc1ccccc1Cl.CCN(CC)CC,6400.0,intermediate
CHEMBL87995,CCN(CC)CC.N[C@H](Cc1cc2ccccc2[nH]1)C(=O)N[C@H](Cc1c[nH]c2ccccc12)C(=O)NCCCCCCCCCCCCOP(=O)(O)Oc1ccccc1Cl,13700.0,inactive
CHEMBL420795,CCN(CC)CC.Cc1cn(CCCn2cc(CC(=O)NCCCC(=O)N3CCCC3C(=O)NCCCCCCOP(=O)(O)Oc3ccccc3Cl)c3ccccc32)c2ccccc12,46900.0,inactive
CHEMBL315683,CCN(CC)CC.Cc1cn(CCCn2cc(CC(=O)NCCCC(=O)NCC(=O)NCCCCCCOP(=O)(O)Oc3ccccc3Cl)c3ccccc32)c2ccccc12,100000.0,inactive
CHEMBL155908,CC(=O)Nc1ccc(SC(=O)c2cccc(C=O)n2)cc1,100000.0,inactive
CHEMBL156248,O=Cc1cccc(C(=O)Sc2ccc(F)c(F)c2)n1,69000.0,inactive
CHEMBL421835,O=Cc1cccc(C(=O)Nc2ccc(Cl)c(Cl)c2)n1,100000.0,inactive
CHEMBL156403,COc1cccc(SC(=O)c2cccc(C=O)n2)c1,76000.0,inactive
CHEMBL155523,COc1ccccc1SC(=O)c1cccc(C=O)n1,100000.0,inactive
CHEMBL347642,O=Cc1cccc(C(=O)Sc2ccc(F)cc2)n1,64000.0,inactive
CHEMBL154764,O=Cc1cccc(C(=O)Sc2cccc(Cl)c2)n1,79000.0,inactive
CHEMBL421825,Cc1ncccc1/N=C/c1ccc(C#N)c(SCc2c(Cl)cccc2Cl)n1,1000.0,active
CHEMBL157229,O=Cc1cccc(C(=O)Sc2cc(Cl)ccc2Cl)n1,68000.0,inactive
CHEMBL440737,O=Cc1cccc(C(=O)Sc2c(Cl)cccc2Cl)n1,79000.0,inactive
CHEMBL351136,O=Cc1cccc(C(=O)Sc2c(Cl)cc(Cl)cc2Cl)n1,50000.0,inactive
CHEMBL156250,O=Cc1cccc(C(=O)Oc2ccc(Cl)c(Cl)c2)n1,100000.0,inactive
CHEMBL160642,N#Cc1ccc(C=O)nc1SCc1c(Cl)cccc1Cl,77000.0,inactive
CHEMBL345606,O=Cc1cccc(C(=O)Sc2ccccc2Cl)n1,84000.0,inactive
CHEMBL158024,Cc1cccc(SC(=O)c2cccc(C=O)n2)c1,76000.0,inactive
CHEMBL156703,Cc1ccccc1SC(=O)c1cccc(C=O)n1,100000.0,inactive
CHEMBL156110,O=Cc1cccc(C(=O)Sc2ccc(Cl)cc2)n1,33000.0,inactive
CHEMBL155734,O=Cc1cccc(C(=O)Sc2ccc(Br)cc2)n1,56000.0,inactive
CHEMBL345370,O=Cc1cccc(C(=O)Sc2ccc([N+](=O)[O-])cc2)n1,75000.0,inactive
CHEMBL156685,O=Cc1cccc(C(=O)Sc2ccc(Cl)c(Cl)c2)n1,24000.0,inactive
CHEMBL156121,COc1ccc(SC(=O)c2cccc(C=O)n2)cc1,91000.0,inactive
CHEMBL158129,Cc1ccc(SC(=O)c2cccc(C=O)n2)cc1,100000.0,inactive
CHEMBL157889,O=Cc1cccc(C(=O)Sc2cc(Cl)cc(Cl)c2)n1,64000.0,inactive
CHEMBL156480,COS(=O)(=O)[O-].Cc1cc2c3c([n+](C)c4ccc(Cl)cc4c3c1)-c1cc(Cl)ccc1N2C,250.0,active
CHEMBL157766,CN1c2ccccc2-c2c3c1cccc3c1ccccc1[n+]2C.[I-],380.0,active
CHEMBL156492,COS(=O)(=O)[O-].Cc1cc2c3c([n+](C)c4ccccc4c3c1)-c1ccccc1N2C,760.0,active
CHEMBL158083,COS(=O)(=O)[O-].Cc1cc2c3c([n+](C)c4ccc(F)cc4c3c1)-c1cc(F)ccc1N2C,330.0,active
CHEMBL403516,CC(=O)O[C@H](CC=C(C)C)C1=CC(=O)c2c(O)ccc(O)c2C1=O,37300.0,inactive
CHEMBL154643,CCN1c2ccccc2-c2c3c1cc(C)cc3c1ccccc1[n+]2CC.[I-],2000.0,intermediate
CHEMBL158365,COS(=O)(=O)[O-].Cc1ccc2c(c1)-c1c3c(cc(C)cc3c3cc(C)ccc3[n+]1C)N2C,250.0,active
CHEMBL144984,CN(C)CCC(=O)Nc1cccc2c1C(=O)c1c(NC(=O)CCN(C)C)cccc1C2=O,6400.0,intermediate
CHEMBL143452,C[N+]1(CCC(=O)Nc2ccc(NC(=O)CC[N+]3(C)CCCC3)c3c2C(=O)c2ccccc2C3=O)CCCC1.[I-].[I-],5000.0,intermediate
CHEMBL142900,C[N+]1(CCC(=O)Nc2cccc3c2C(=O)c2cccc(NC(=O)CC[N+]4(C)CCOCC4)c2C3=O)CCOCC1.[I-].[I-],13200.0,inactive
CHEMBL343238,C[N+]1(CCC(=O)Nc2cccc3c2C(=O)c2c(NC(=O)CC[N+]4(C)CCCCC4)cccc2C3=O)CCCCC1.[I-].[I-],7800.0,intermediate
CHEMBL144757,O=C(CCN1CCCC1)Nc1ccc2c(c1)C(=O)c1cc(NC(=O)CCN3CCCC3)ccc1C2=O,2000.0,intermediate
CHEMBL33505,O=C(CCN1CCOCC1)Nc1ccc2c(c1)C(=O)c1ccc(NC(=O)CCN3CCOCC3)cc1C2=O,50000.0,inactive
CHEMBL344274,CC[N+](C)(CC)CCC(=O)Nc1cccc2c1C(=O)c1cccc(NC(=O)CC[N+](C)(CC)CC)c1C2=O.[I-].[I-],16800.0,inactive
CHEMBL144664,CCN(CC)CCC(=O)Nc1cccc2c1C(=O)c1cccc(NC(=O)CCN(CC)CC)c1C2=O,2700.0,intermediate
CHEMBL144303,CC[N+](C)(CC)CCC(=O)Nc1ccc(NC(=O)CC[N+](C)(CC)CC)c2c1C(=O)c1ccccc1C2=O.[I-].[I-],3100.0,intermediate
CHEMBL111417,C[N+](C)(C)CCC(=O)Nc1ccc(NC(=O)CC[N+](C)(C)C)c2c1C(=O)c1ccccc1C2=O.[I-].[I-],7000.0,intermediate
CHEMBL144334,C[N+]1(CCC(=O)Nc2cccc3c2C(=O)c2cccc(NC(=O)CC[N+]4(C)CCCCC4)c2C3=O)CCCCC1.[I-].[I-],8600.0,intermediate
CHEMBL109617,C[N+](C)(C)CCC(=O)Nc1ccc2c(c1)C(=O)c1ccc(NC(=O)CC[N+](C)(C)C)cc1C2=O.[I-].[I-],17300.0,inactive
CHEMBL33618,O=C(CCN1CCCCC1)Nc1ccc2c(c1)C(=O)c1ccc(NC(=O)CCN3CCCCC3)cc1C2=O,4500.0,intermediate
CHEMBL344072,C[N+]1(CCC(=O)Nc2cccc3c2C(=O)c2cccc(NC(=O)CC[N+]4(C)CCCC4)c2C3=O)CCCC1.[I-].[I-],8800.0,intermediate
CHEMBL444347,CN(C)CCC(=O)Nc1ccc2c(c1)C(=O)c1ccc(NC(=O)CCN(C)C)cc1C2=O,4100.0,intermediate
CHEMBL91163,CCN(CC)CCC(=O)Nc1ccc2c(c1)C(=O)c1cc(NC(=O)CCN(CC)CC)ccc1C2=O,4300.0,intermediate
CHEMBL145311,CC[N+](C)(CC)CCC(=O)Nc1cccc2c1C(=O)c1c(NC(=O)CC[N+](C)(CC)CC)cccc1C2=O.[I-].[I-],7500.0,intermediate
CHEMBL14832,C[N+]1(CCC(=O)Nc2ccc3c(c2)C(=O)c2cc(NC(=O)CC[N+]4(C)CCCCC4)ccc2C3=O)CCCCC1.[I-].[I-],7800.0,intermediate
CHEMBL144756,C[N+](C)(C)CCC(=O)Nc1ccc2c(c1)C(=O)c1cc(NC(=O)CC[N+](C)(C)C)ccc1C2=O.[I-].[I-],14500.0,inactive
CHEMBL144999,C[N+]1(CCC(=O)Nc2ccc3c(c2)C(=O)c2cc(NC(=O)CC[N+]4(C)CCOCC4)ccc2C3=O)CCOCC1.[I-].[I-],16500.0,inactive
CHEMBL109890,C[N+]1(CCC(=O)Nc2ccc(NC(=O)CC[N+]3(C)CCCCC3)c3c2C(=O)c2ccccc2C3=O)CCCCC1.[I-].[I-],11100.0,inactive
CHEMBL144208,O=C(CCN1CCOCC1)Nc1cccc2c1C(=O)c1c(NC(=O)CCN3CCOCC3)cccc1C2=O,50000.0,inactive
CHEMBL422120,C[N+](C)(C)CCC(=O)Nc1cccc2c1C(=O)c1c(NC(=O)CC[N+](C)(C)C)cccc1C2=O.[I-].[I-],4400.0,intermediate
CHEMBL423017,CC[N+](C)(CC)CCC(=O)Nc1ccc2c(c1)C(=O)c1cc(NC(=O)CC[N+](C)(CC)CC)ccc1C2=O.[I-].[I-],20000.0,inactive
CHEMBL144827,O=C(CCN1CCOCC1)Nc1ccc(NC(=O)CCN2CCOCC2)c2c1C(=O)c1ccccc1C2=O,33500.0,inactive
CHEMBL343445,O=C(CCN1CCCC1)Nc1ccc2c(c1)C(=O)c1ccc(NC(=O)CCN3CCCC3)cc1C2=O,1800.0,intermediate
CHEMBL145490,C[N+](C)(C)CCC(=O)Nc1cccc2c1C(=O)c1cccc(NC(=O)CC[N+](C)(C)C)c1C2=O.[I-].[I-],13200.0,inactive
CHEMBL144617,C[N+]1(CCC(=O)Nc2cccc3c2C(=O)c2c(NC(=O)CC[N+]4(C)CCOCC4)cccc2C3=O)CCOCC1.[I-].[I-],10000.0,inactive
CHEMBL145575,CCN(CC)CCC(=O)Nc1cccc2c1C(=O)c1c(NC(=O)CCN(CC)CC)cccc1C2=O,4200.0,intermediate
CHEMBL146602,C[N+]1(CCC(=O)Nc2ccc3c(c2)C(=O)c2cc(NC(=O)CC[N+]4(C)CCCC4)ccc2C3=O)CCCC1.[I-].[I-],16000.0,inactive
CHEMBL89250,O=C(CCN1CCCCC1)Nc1ccc2c(c1)C(=O)c1cc(NC(=O)CCN3CCCCC3)ccc1C2=O,3100.0,intermediate
CHEMBL89977,CN(C)CCC(=O)Nc1ccc2c(c1)C(=O)c1cc(NC(=O)CCN(C)C)ccc1C2=O,4700.0,intermediate
CHEMBL322704,C[N+]1(CCC(=O)Nc2ccc(NC(=O)CC[N+]3(C)CCOCC3)c3c2C(=O)c2ccccc2C3=O)CCOCC1.[I-].[I-],34500.0,inactive
CHEMBL144411,O=C(CCN1CCOCC1)Nc1cccc2c1C(=O)c1cccc(NC(=O)CCN3CCOCC3)c1C2=O,50000.0,inactive
CHEMBL144386,O=C(CCN1CCCCC1)Nc1cccc2c1C(=O)c1c(NC(=O)CCN3CCCCC3)cccc1C2=O,3700.0,intermediate
CHEMBL144848,O=C(CCN1CCCCC1)Nc1cccc2c1C(=O)c1cccc(NC(=O)CCN3CCCCC3)c1C2=O,2300.0,intermediate
CHEMBL34683,CCN(CC)CCC(=O)Nc1ccc2c(c1)C(=O)c1ccc(NC(=O)CCN(CC)CC)cc1C2=O,3500.0,intermediate
CHEMBL91898,O=C(CCN1CCOCC1)Nc1ccc2c(c1)C(=O)c1cc(NC(=O)CCN3CCOCC3)ccc1C2=O,50000.0,inactive
CHEMBL144219,C[N+]1(CCC(=O)Nc2cccc3c2C(=O)c2c(NC(=O)CC[N+]4(C)CCCC4)cccc2C3=O)CCCC1.[I-].[I-],8200.0,intermediate
CHEMBL356077,CN(C)CCC(=O)Nc1cccc2c1C(=O)c1cccc(NC(=O)CCN(C)C)c1C2=O,1300.0,intermediate
CHEMBL79536,CC1(C)CC2CC(C)(CN2CCC(=O)Nc2ccc3cc4ccc(NC(=O)CCN5CC6(C)CC5CC(C)(C)C6)cc4nc3c2)C1,50000.0,inactive
CHEMBL79900,O=C(CCN1CCCC1)Nc1ccc2cc3ccc(NC(=O)CCN4CCCC4)cc3nc2c1,5200.0,intermediate
CHEMBL310838,O=C(CCN1CCCCCCC1)Nc1ccc2cc3ccc(NC(=O)CCN4CCCCCCC4)cc3nc2c1,50000.0,inactive
CHEMBL81268,O=C(CCN1CCCCC1)Nc1ccc2cc3ccc(NC(=O)CCN4CCCCC4)cc3nc2c1,2800.0,intermediate
CHEMBL3707074,CC1(C)CC2CC(C)(CN2CCC(=O)Nc2ccc3c(c2)C(=O)c2ccc(NC(=O)CCN4CC5(C)CC4CC(C)(C)C5)cc2C3=O)C1,50000.0,inactive
CHEMBL3707073,O=C(CCN1CCCCCCC1)Nc1ccc2c(c1)C(=O)c1ccc(NC(=O)CCN3CCCCCCC3)cc1C2=O,50000.0,inactive
CHEMBL82008,O=C(CCN1CCCCCC1)Nc1ccc2cc3ccc(NC(=O)CCN4CCCCCC4)cc3nc2c1,3100.0,intermediate
CHEMBL2260103,O=C(CCN1CCCCCC1)Nc1ccc2c(c1)C(=O)c1ccc(NC(=O)CCN3CCCCCC3)cc1C2=O,13000.0,inactive
CHEMBL421360,CC[N+](C)(CC)CCC(=O)Nc1ccc2c(c1)C(=O)c1cc(NC(=O)CC[N+](C)(CC)CC)ccc1-2.[I-].[I-],25400.0,inactive
CHEMBL88876,CCC1CCCC[N+]1(C)CCC(=O)Nc1ccc2c(c1)C(=O)c1cc(NC(=O)CC[N+]3(C)CCCCC3CC)ccc1-2.[I-].[I-],20000.0,inactive
CHEMBL328062,C[N+]1(CCC(=O)Nc2ccc3c(c2)C(=O)c2cc(NC(=O)CC[N+]4(C)CCCCC4CO)ccc2-3)CCCCC1CO.[I-].[I-],33000.0,inactive
CHEMBL90883,CCN(CC)CCC(=O)Nc1ccc2c(c1)C(=O)c1cc(NC(=O)CCN(CC)CC)ccc1-2,15500.0,inactive
CHEMBL314305,O=C(CCN1CCCCC1CCO)Nc1ccc2c(c1)C(=O)c1cc(NC(=O)CCN3CCCCC3CCO)ccc1-2,16500.0,inactive
CHEMBL328440,C[N+]1(CCC(=O)Nc2ccc3c(c2)C(=O)c2cc(NC(=O)CC[N+]4(C)CCCCC4CCO)ccc2-3)CCCCC1CCO.[I-].[I-],20000.0,inactive
CHEMBL314100,O=C(CCN1CCN(Cc2ccccc2)CC1)Nc1ccc2c(c1)C(=O)c1cc(NC(=O)CCN3CCN(Cc4ccccc4)CC3)ccc1-2,50000.0,inactive
CHEMBL88234,O=C(CCN1CCC(O)CC1)Nc1ccc2c(c1)C(=O)c1cc(NC(=O)CCN3CCC(O)CC3)ccc1-2,18500.0,inactive
CHEMBL330483,C[N+]1(CCC(=O)Nc2ccc3c(c2)C(=O)c2cc(NC(=O)CC[N+]4(C)CCOCC4)ccc2-3)CCOCC1.[I-].[I-],27300.0,inactive
CHEMBL90813,CC1CCN(CCC(=O)Nc2ccc3c(c2)C(=O)c2cc(NC(=O)CCN4CCC(C)CC4)ccc2-3)CC1,20000.0,inactive
CHEMBL329863,C[N+]1(CCC(=O)Nc2ccc3c(c2)C(=O)c2cc(NC(=O)CC[N+]4(C)CCC(O)CC4)ccc2-3)CCC(O)CC1.[I-].[I-],20000.0,inactive
CHEMBL88237,CC1CCCC[N+]1(C)CCC(=O)Nc1ccc2c(c1)C(=O)c1cc(NC(=O)CC[N+]3(C)CCCCC3C)ccc1-2.[I-].[I-],20000.0,inactive
CHEMBL89337,CN(C)CCC(=O)Nc1ccc2c(c1)C(=O)c1cc(NC(=O)CCN(C)C)ccc1-2,16200.0,inactive
CHEMBL90759,CCN1CCN(CCC(=O)Nc2ccc3c(c2)C(=O)c2cc(NC(=O)CCN4CCN(CC)CC4)ccc2-3)CC1,17000.0,inactive
CHEMBL91106,O=C(CCN1CCN(c2ccccc2)CC1)Nc1ccc2c(c1)C(=O)c1cc(NC(=O)CCN3CCN(c4ccccc4)CC3)ccc1-2,50000.0,inactive
CHEMBL314955,C[N+](C)(C)CCC(=O)Nc1ccc2c(c1)C(=O)c1cc(NC(=O)CC[N+](C)(C)C)ccc1-2.[I-].[I-],18500.0,inactive
CHEMBL90901,C[N+]1(CCC(=O)Nc2ccc3c(c2)C(=O)c2cc(NC(=O)CC[N+]4(C)CCCCC4)ccc2C3=O)CCCCC1,7800.0,intermediate
CHEMBL92265,C[N+]1(CCC(=O)Nc2ccc3c(c2)C(=O)c2cc(NC(=O)CC[N+]4(C)CCOCC4)ccc2C3=O)CCOCC1,16500.0,inactive
CHEMBL81880,CN(C)c1ccc2cc3ccc(N(C)C)cc3nc2c1,12200.0,inactive
CHEMBL316359,C[N+]1(CCC(=O)Nc2ccc3c(c2)C(=O)c2cc(NC(=O)CC[N+]4(C)CCCCC4)ccc2-3)CCCCC1.[I-].[I-],21000.0,inactive
CHEMBL88257,CC1CCCCN1CCC(=O)Nc1ccc2c(c1)C(=O)c1cc(NC(=O)CCN3CCCCC3C)ccc1-2,12000.0,inactive
CHEMBL90557,CN1CCN(CCC(=O)Nc2ccc3c(c2)C(=O)c2cc(NC(=O)CCN4CCN(C)CC4)ccc2-3)CC1,44000.0,inactive
CHEMBL91398,C[N+](C)(C)CCC(=O)Nc1ccc2c(c1)C(=O)c1cc(NC(=O)CC[N+](C)(C)C)ccc1C2=O,14500.0,inactive
CHEMBL92474,CCC1CCCCN1CCC(=O)Nc1ccc2c(c1)C(=O)c1cc(NC(=O)CCN3CCCCC3CC)ccc1-2,14000.0,inactive
CHEMBL88290,CC1CC[N+](C)(CCC(=O)Nc2ccc3c(c2)C(=O)c2cc(NC(=O)CC[N+]4(C)CCC(C)CC4)ccc2-3)CC1.[I-].[I-],20000.0,inactive
CHEMBL315704,O=C(CCN1CCN(c2ccccn2)CC1)Nc1ccc2c(c1)C(=O)c1cc(NC(=O)CCN3CCN(c4ccccn4)CC3)ccc1-2,50000.0,inactive
CHEMBL329221,Cc1cc2cc3cc(C)c(N)cc3nc2cc1N,21700.0,inactive
CHEMBL91935,O=C(CCN1CCCCC1)Nc1ccc2c(c1)C(=O)c1cc(NC(=O)CCN3CCCCC3)ccc1-2,9000.0,intermediate
CHEMBL329427,O=C(CCN1CCN(c2ncccn2)CC1)Nc1ccc2c(c1)C(=O)c1cc(NC(=O)CCN3CCN(c4ncccn4)CC3)ccc1-2,50000.0,inactive
CHEMBL310651,O=C(CCN1CCOCC1)Nc1ccc2c(c1)C(=O)c1cc(NC(=O)CCN3CCOCC3)ccc1-2,50000.0,inactive
CHEMBL94007,CCOc1ccc2nc3cc(N)ccc3c(N)c2c1,8200.0,intermediate
CHEMBL284328,CC[n+]1c(-c2ccccc2)c2cc(N)ccc2c2ccc(N)cc21.[Br-],3300.0,intermediate
CHEMBL328065,O=C(CCN1CCCCC1CO)Nc1ccc2c(c1)C(=O)c1cc(NC(=O)CCN3CCCCC3CO)ccc1-2,8000.0,intermediate
CHEMBL309919,CC1CCN(CCC(=O)Nc2ccc3cc4ccc(NC(=O)CCN5CCC(C)CC5)cc4nc3c2)CC1,1350.0,intermediate
CHEMBL421143,O=C(CCN1CCOCC1)Nc1ccc2cc3ccc(NC(=O)CCN4CCOCC4)cc3nc2c1,50000.0,inactive
CHEMBL81516,O=C(CCN1CCC(O)CC1)Nc1ccc2cc3ccc(NC(=O)CCN4CCC(O)CC4)cc3nc2c1,8000.0,intermediate
CHEMBL311072,CN(C)CCC(=O)Nc1ccc2cc3ccc(NC(=O)CCN(C)C)cc3nc2c1,8200.0,intermediate
CHEMBL81747,CCC1CCCCN1CCC(=O)Nc1ccc2cc3ccc(NC(=O)CCN4CCCCC4CC)cc3nc2c1,2700.0,intermediate
CHEMBL309982,CCN(CC)CCC(=O)Nc1ccc2cc3ccc(NC(=O)CCN(CC)CC)cc3nc2c1,5800.0,intermediate
CHEMBL310569,O=C(CCN1CCC(Cc2ccccc2)CC1)Nc1ccc2cc3ccc(NC(=O)CCN4CCC(Cc5ccccc5)CC4)cc3nc2c1,50000.0,inactive
CHEMBL83173,CC1CCCN(CCC(=O)Nc2ccc3cc4ccc(NC(=O)CCN5CCCC(C)C5)cc4nc3c2)C1,4400.0,intermediate
CHEMBL81271,O=C(CCN1CCCCC1CO)Nc1ccc2cc3ccc(NC(=O)CCN4CCCCC4CO)cc3nc2c1,5400.0,intermediate
CHEMBL311055,O=C(CCN1CCCCC1CCO)Nc1ccc2cc3ccc(NC(=O)CCN4CCCCC4CCO)cc3nc2c1,4100.0,intermediate
CHEMBL431404,CC1CCCCN1CCC(=O)Nc1ccc2cc3ccc(NC(=O)CCN4CCCCC4C)cc3nc2c1,2600.0,intermediate
CHEMBL153925,Cc1cn(CCn2cc(CC(=O)NCCCCCCCCCCCC(=O)O)c3ccccc32)c2ccccc12,100000.0,inactive
CHEMBL157172,O=C(O)CCCCCCCCCCCNC(=O)COc1c(-c2cc3ccccc3[nH]2)[nH]c2ccccc12,100000.0,inactive
CHEMBL346776,Cc1cn(CCCn2cc(CC(=O)NCCCCCCCCCCCCOP(=O)(OCCC#N)Oc3cccc(Cl)c3)c3ccccc32)c2ccccc12,100000.0,inactive
CHEMBL155720,O=C(O)CCCCCCCCCCCNC(=O)Cc1cn(CCn2ccc3ccccc32)c2ccccc12,41000.0,inactive
CHEMBL154216,O=C(O)CCCCCCCCCCCNC(=O)Cc1cn(CCOc2cccc3ccccc23)c2ccccc12,35000.0,inactive
CHEMBL156771,Cc1c2n(c3ccccc13)CCCn1c-2c(CC(=O)NCCCCCCCCCCCC(=O)O)c2ccccc21,50000.0,inactive
CHEMBL155302,O=C(O)CCCCCCCCCCCNC(=O)Cc1cn(CCCn2cccc2)c2ccccc12,100000.0,inactive
CHEMBL157051,O=C(O)CCCCCCCCCCCNC(=O)Cc1c2n(c3ccccc13)CCn1c-2cc2ccccc21,62000.0,inactive
CHEMBL155030,CCN(CC)CC.O=C(Cc1cn(CCn2ccc3cc(Cl)ccc32)c2ccccc12)NCCCCCCCCCCCCOP(=O)(O)Oc1ccccc1,6700.0,intermediate
CHEMBL154719,N#CCCOP(=O)(OCCCCCCCCCCCCNC(=O)Cc1cn(CCn2ccc3cc(Cl)ccc32)c2ccccc12)Oc1cccc(Cl)c1,100000.0,inactive
CHEMBL351995,CCN(CC)CC.O=C(Cc1cn(CCn2ccc3cc(Cl)ccc32)c2ccccc12)NCCCCCCCCCCCCOP(=O)(O)Oc1cccc(Cl)c1,2500.0,intermediate
CHEMBL349537,O=C(O)CCCCCCCCCCCNC(=O)Cc1cn(CCCn2ccc3ccccc32)c2ccccc12,92000.0,inactive
CHEMBL345715,CCN(CC)CC.O=C(Cc1cn(CCn2ccc3cc(Cl)ccc32)c2ccccc12)NCCCCCCCCCCCCOP(=O)(O)OC1CCCCC1,8700.0,intermediate
CHEMBL349085,O=C(Cc1cn(CCCn2cccc2)c2ccccc12)NCCCCCCCCCCCOP(=O)(O)c1ccccc1Cl,4200.0,intermediate
CHEMBL155151,O=C(O)CCCCCCCCCCCNC(=O)Cc1cn(CCCOC2CCCCC2)c2ccccc12,67000.0,inactive
CHEMBL154475,Cc1cn(CCCn2cc(CC(=O)NCCCCCCCCCCCC(=O)O)c3ccccc32)c2ccccc12,20000.0,inactive
CHEMBL155349,O=C(O)CCCCCCCCCCCNC(=O)Cc1cn(CCCOc2ccccc2)c2ccccc12,33000.0,inactive
CHEMBL157387,O=C(O)CCCCCCCCCCCNC(=O)Cc1cn(CCCN2CCCC2)c2ccccc12,100000.0,inactive
CHEMBL153853,CCN(CC)CC.N#CCCOP(=O)(O)OCCCCCCCCCCCCNC(=O)Cc1cn(CCn2ccc3cc(Cl)ccc32)c2ccccc12,100000.0,inactive
CHEMBL413033,CCN(CC)CC.Cc1cn(CCCn2cc(CC(=O)NCCCCCCCCCCCCOP(=O)(O)Oc3cccc(Cl)c3)c3ccccc32)c2ccccc12,3400.0,intermediate
CHEMBL109388,CC(=O)O.O=C(CCN1CCOCC1)Nc1ccc2c(c1)C(=O)c1ccc(NC(=O)CCN3CCOCC3)cc1C2=O,50000.0,inactive
CHEMBL276202,COc1ccc2ccc3c([nH]c4c5ccccc5nc(NCCCN(C)C)c34)c2c1,1100.0,intermediate
CHEMBL344150,C[n+]1cccc(-c2c3nc(c(-c4ccc[n+](C)c4)c4ccc([nH]4)c(-c4ccc[n+](C)c4)c4ccc([nH]4)c(-c4ccc[n+](C)c4)c4nc2C=C4)C=C3)c1.[Cl-].[Cl-].[Cl-].[Cl-],25000.0,inactive
CHEMBL66862,C[N+]1(CCC(=O)Nc2ccc3c(c2)C(=O)c2ccc(NC(=O)CC[N+]4(C)CCCCC4CO)cc2C3=O)CCCCC1CO,23000.0,inactive
CHEMBL274096,COc1ccc2c(ccc3c2[nH]c2c4ccccc4nc(NCCCN(C)C)c32)c1,1000.0,active
CHEMBL1204020,C[n+]1ccc(-c2c3nc(c(-c4cccc([N+](=O)[O-])c4)c4ccc([nH]4)c(-c4cc[n+](C)cc4)c4ccc([nH]4)c(-c4cccc([N+](=O)[O-])c4)c4nc2C=C4)C=C3)cc1.Cl.[I-].[I-],25000.0,inactive
CHEMBL54224,Nc1nc2c(ncn2[C@H]2CC[C@@H](COP(=O)(O)OP(=O)(O)OP(=O)(O)O)O2)c(=O)[nH]1,8600.0,intermediate
CHEMBL544111,Cl.O=C(CCN1CCOCC1)Nc1ccc(NC(=O)CCN2CCOCC2)c2c1C(=O)c1ccccc1C2=O,33500.0,inactive
CHEMBL322686,C[N+]1(CCC(=O)Nc2ccc(NC(=O)CC[N+]3(C)CCCCC3CO)c3c2C(=O)c2ccccc2C3=O)CCCCC1CO.[I-].[I-],9400.0,intermediate
CHEMBL1204019,C[n+]1ccc(-c2c3nc(c(-c4cc[n+](C)cc4)c4ccc([nH]4)c(-c4cccc([N+](=O)[O-])c4)c4nc(c(-c5cc[n+](C)cc5)c5ccc2[nH]5)C=C4)C=C3)cc1.Cl.[I-].[I-].[I-],12000.0,inactive
CHEMBL10763,COc1ccc2ccc3c([nH]c4c5ccccc5nc(NCCN(C)C)c34)c2c1,9800.0,intermediate
CHEMBL109382,CC(=O)O.O=C(CCN1CCCCC1)Nc1ccc2c(c1)C(=O)c1ccc(NC(=O)CCN3CCCCC3)cc1C2=O,4500.0,intermediate
CHEMBL1202375,C[n+]1ccc(-c2c3nc(c(-c4ccc(C(=O)NCCBr)cc4)c4ccc([nH]4)c(-c4cc[n+](C)cc4)c4ccc([nH]4)c(-c4cccc(C(=O)NCCBr)c4)c4nc2C=C4)C=C3)cc1.[Cl-].[Cl-],15000.0,inactive
CHEMBL111206,CC(=O)O.O=C(CN1CCOCC1)Nc1ccc2c(c1)C(=O)c1ccc(NC(=O)CN3CCOCC3)cc1C2=O,50000.0,inactive
CHEMBL335814,C[n+]1cccc(-c2c3ccc([nH]3)c(-c3cc4ccccc4[n+](C)c3)c3nc(c(-c4cc5ccccc5[n+](C)c4)c4nc(c(-c5cc6ccccc6[n+](C)c5)c5ccc2[nH]5)C=C4)C=C3)c1.[Cl-].[Cl-].[Cl-].[Cl-],5000.0,intermediate
CHEMBL337559,C[n+]1ccc(-c2c3nc(c(-c4cc[n+](C)cc4)c4ccc([nH]4)c(-c4cc[n+](C)cc4)c4nc(c(-c5cc[n+](C)cc5)c5ccc2[nH]5)C=C4)C=C3)cc1.[Cl-].[Cl-].[Cl-].[Cl-],6250.0,intermediate
CHEMBL111785,CC(=O)O.CCCN(CCC)CCC(=O)Nc1ccc2c(c1)C(=O)c1ccc(NC(=O)CCN(CCC)CCC)cc1C2=O,50000.0,inactive
CHEMBL1202373,OCC[n+]1ccc(-c2c3nc(c(-c4cc[n+](CCO)cc4)c4ccc([nH]4)c(-c4cc[n+](CCO)cc4)c4ccc([nH]4)c(-c4cc[n+](CCO)cc4)c4nc2C=C4)C=C3)cc1.[Cl-].[Cl-].[Cl-].[Cl-],30000.0,inactive
CHEMBL1202377,CC[n+]1ccc(-c2c3nc(c(-c4cc[n+](CC)cc4)c4ccc([nH]4)c(-c4cc[n+](CC)cc4)c4ccc([nH]4)c(-c4cc[n+](CC)cc4)c4nc2C=C4)C=C3)cc1.[Cl-].[Cl-].[Cl-].[Cl-],25000.0,inactive
CHEMBL544572,CCCN(CCC)CCC(=O)Nc1ccc(NC(=O)CCN(CCC)CCC)c2c1C(=O)c1ccccc1C2=O.Cl,50000.0,inactive
CHEMBL323448,CC(=O)O.O=C(CCN1CCN(CCO)CC1)Nc1ccc2c(c1)C(=O)c1ccc(NC(=O)CCN3CCN(CCO)CC3)cc1C2=O,16500.0,inactive
CHEMBL274335,CN(C)CCCNc1[nH]c2ccccc2c2nc3c(ccc4ccc([N+](=O)[O-])cc43)c1-2,500.0,active
CHEMBL419381,CC(=O)O.O=C(CN1CCCCC1)Nc1ccc2c(c1)C(=O)c1ccc(NC(=O)CN3CCCCC3)cc1C2=O,50000.0,inactive
CHEMBL343554,C[n+]1cccc(-c2c3nc(c(-c4cc5ccccc5[n+](C)c4)c4ccc([nH]4)c(-c4ccc[n+](C)c4)c4nc(c(-c5cc6ccccc6[n+](C)c5)c5ccc2[nH]5)C=C4)C=C3)c1.[Cl-].[Cl-].[Cl-].[Cl-],10000.0,inactive
CHEMBL265594,C[n+]1cc(-c2ccco2)cc(-c2c3nc(c(-c4cc(-c5ccco5)c[n+](C)c4)c4ccc([nH]4)c(-c4cc(-c5ccco5)c[n+](C)c4)c4ccc([nH]4)c(-c4cc(-c5ccco5)c[n+](C)c4)c4nc2C=C4)C=C3)c1.[Cl-].[Cl-].[Cl-].[Cl-],8000.0,intermediate
CHEMBL282105,C/C(=C/C(=O)Nc1ccccc1C(=O)O)c1ccc2ccccc2c1,5000.0,intermediate
CHEMBL27323,C/C(=C\C(=O)Nc1ccccc1C(=O)O)c1ccc2ccccc2c1,5000.0,intermediate
CHEMBL3143740,Cc1cn([C@H]2C[C@H](OP(=O)(O)OC[C@H]3O[C@@H](n4cnc5c(N)ncnc54)C[C@@H]3OP(=O)(O)OC[C@H]3O[C@@H](N4C=NC5C(=O)N=C(N)N=C54)C[C@@H]3OP(=O)(O)OC[C@H]3O[C@@H](N4C=NC5C(=O)N=C(N)N=C54)C[C@@H]3OP(=O)(O)OC[C@H]3O[C@@H](N4C=NC5C(=O)N=C(NC(=O)O)N=C54)C[C@@H]3O)[C@@H](COP(=O)(O)ON)O2)c(=O)[nH]c1=O,1160.0,intermediate
CHEMBL409746,Cc1cn(C2CC(OP(=O)(O)OCC3OC(n4cnc5c(N)ncnc54)CC3OP(=O)(O)OCC3OC(n4cnc5c(O)nc(N)nc54)CC3OP(=O)(O)OCC3OC(n4cnc5c(O)nc(N)nc54)CC3OP(=O)(O)OCC3OC(n4cnc5c(O)nc(N)nc54)CC3O)C(COP(=O)(O)C(=O)[C@H](CS)NC(=O)[C@H](CCCCN)NC(=O)[C@H](CCCCN)NC(=O)[C@H](CCCCN)NC(=O)[C@H](CCCCN)NC(=O)[C@H](CCCCN)NC(=O)[C@H](C)N)O2)c(=O)[nH]c1=O,290.0,active
CHEMBL439894,Cc1cn(C2CC(OP(=O)(O)OCC3OC(n4cnc5c(N)ncnc54)CC3OP(=O)(O)OCC3OC(n4cnc5c(N)nc(N)nc54)CC3OP(=O)(O)OCC3OC(n4cnc5c(O)nc(N)nc54)CC3OP(=O)(O)OCC3OC(n4cnc5c(O)nc(N)nc54)CC3O)C(COP(=O)(O)C(=O)[C@@H](CS)NC(=O)[C@@H](CCCN)NC(=O)[C@@H](CCCN)NC(=O)[C@@H](CCCN)NC(=O)[C@@H](CCCN)NC(=O)[C@@H](CCCN)NC(=O)[C@@H](C)N)O2)c(=O)[nH]c1=O,450.0,active
CHEMBL410701,Cc1cn(C2CC(OP(=O)(O)OCC3OC(n4cnc5c(N)ncnc54)CC3OP(=O)(O)OCC3OC(n4cnc5c(=O)[nH]c(N)nc54)CC3OP(=O)(O)OCC3OC(n4cnc5c(=O)[nH]c(N)nc54)CC3OP(=O)(O)OCC3OC(n4cnc5c(=O)[nH]c(N)nc54)CC3O)C(COP(=O)(O)C(=O)[C@H](CS)NC(=O)[C@H](CCCNC(=N)N)NC(=O)[C@H](CCCNC(=N)N)NC(=O)[C@H](CCCNC(=N)N)NC(=O)[C@H](CCCNC(=N)N)NC(=O)[C@H](CCCNC(=N)N)NC(=O)[C@H](C)N)O2)c(=O)[nH]c1=O,140.0,active
CHEMBL292124,CN(C)CCc1ccc2nc3c4ccccc4n(CCN(C)C)c3cc2c1,16000.0,inactive
CHEMBL292475,CCN(CC)CCOc1ccc2c(c1)OC1C(=O)c3ccccc3C(=O)C21,7000.0,intermediate
CHEMBL222541,O=c1cc(-c2ccc(O)c(O)c2)oc2c(O)c(O)ccc12,200.0,active
CHEMBL225618,O=C(/C=C/c1ccc(O)c(O)c1)c1ccc(O)c(O)c1,1700.0,intermediate
CHEMBL222557,O=C(/C=C/c1ccc(O)c(O)c1)c1ccc(O)c(O)c1O,6000.0,intermediate
CHEMBL373745,O=c1[nH]c2cc(-c3cc(=O)c4ccc(O)c(O)c4o3)ccc2nc1O,40000.0,inactive
CHEMBL436311,COc1ccc2c(=O)cc(-c3ccc4nc(O)c(=O)[nH]c4c3)oc2c1OC,40000.0,inactive
CHEMBL376279,COc1ccc2c(=O)cc(-c3ccc4[nH]c(CCCN(C)C)nc4c3)oc2c1OC,470.0,active
CHEMBL222238,Cc1nc2cc(-c3cc(=O)c4ccc(O)c(O)c4o3)ccc2[nH]1,40000.0,inactive
CHEMBL225572,COc1ccc2c(=O)cc(-c3ccc4[nH]c(C)nc4c3)oc2c1OC,22100.0,inactive
CHEMBL222757,O=c1cc(-c2ccc3[nH]c(O)nc3c2)oc2c(O)c(O)ccc12,1200.0,intermediate
CHEMBL222381,COc1ccc2c(=O)cc(-c3ccc4[nH]c(O)nc4c3)oc2c1OC,19000.0,inactive
CHEMBL390725,O=c1cc(-c2ccc3[nH]cnc3c2)oc2c(O)c(O)ccc12,4000.0,intermediate
CHEMBL222547,COc1ccc2c(=O)cc(-c3ccc4[nH]cnc4c3)oc2c1OC,2200.0,intermediate
CHEMBL222539,Nc1ccc(-c2cc(=O)c3ccc(O)c(O)c3o2)cc1N,3600.0,intermediate
CHEMBL448169,COc1ccc2c(=O)cc(-c3ccc(NC(C)=O)c(NC(C)=O)c3)oc2c1OC,40000.0,inactive
CHEMBL222490,COc1ccc2c(=O)cc(-c3ccc(N)c(N)c3)oc2c1OC,7400.0,intermediate
CHEMBL225211,N#Cc1c(-c2ccc(O)c(O)c2)oc2c(O)c(O)ccc2c1=O,130.0,active
CHEMBL426182,O=c1c(Cl)c(-c2ccc(O)c(O)c2)oc2c(O)c(O)ccc12,800.0,active
CHEMBL222354,O=c1c(F)c(-c2ccc(O)c(O)c2)oc2c(O)c(O)ccc12,600.0,active
CHEMBL222132,O=c1cc(-c2ccc(O)c(O)c2)oc2c(O)c(O)c(Cl)cc12,820.0,active
CHEMBL225228,COc1ccc2c(=O)cc(-c3ccc(O)c(O)c3)oc2c1O,7800.0,intermediate
CHEMBL225227,COc1ccc(-c2cc(=O)c3ccc(O)c(O)c3o2)cc1O,11000.0,inactive
CHEMBL225649,COc1ccc2c(=O)cc(-c3ccc(O)c(O)c3)oc2c1OC,40000.0,inactive
CHEMBL221503,COc1ccc(-c2cc(=O)c3ccc(O)c(O)c3o2)cc1OC,11700.0,inactive
CHEMBL321555,COc1ccc(-c2cc(=O)c3ccc(OC)c(OC)c3o2)cc1OC,40000.0,inactive
CHEMBL222556,O=c1cc(-c2ccc(O)c(O)c2)oc2ccccc12,40000.0,inactive
CHEMBL222211,O=c1cc(-c2ccc(O)c(O)c2)oc2c(O)cccc12,40000.0,inactive
CHEMBL301624,O=c1cc(-c2ccc(O)c(O)c2)oc2cc(O)ccc12,40000.0,inactive
CHEMBL225513,O=c1cc(-c2cccc(O)c2)oc2c(O)c(O)ccc12,50000.0,inactive
CHEMBL75267,O=c1cc(-c2ccccc2)oc2c(O)c(O)ccc12,36000.0,inactive
CHEMBL420982,O=c1cc(-c2ccc(O)cc2)oc2c(O)c(O)ccc12,3000.0,intermediate
CHEMBL287201,CN(C)CCCN1C(=O)c2ccc3c4c(ccc(c24)C1=O)C(=O)N(CCCN(C)C)C3=O,3500.0,intermediate
CHEMBL225507,C[N+](C)(C)CCN1C(=O)c2ccc3c4c(ccc(c24)C1=O)C(=O)N(CC[N+](C)(C)C)C3=O,2500.0,intermediate
CHEMBL224755,c1cc2c3ccc4c5c(ccc(c6ccc7c(c1CN(CCN1CCCCC1)C7)c26)c53)CN(CCN1CCCCC1)C4,400.0,active
CHEMBL224754,C[N+](C)(C)CCN1C(=O)c2ccc3c4ccc5c6c(ccc(c7ccc(c2c37)C1=O)c64)C(=O)N(CC[N+](C)(C)C)C5=O,30.0,active
CHEMBL225205,O=C1c2ccc3c4ccc5c6c(ccc(c7ccc(c2c37)C(=O)N1CCNCCO)c64)C(=O)N(CCNCCO)C5=O,60.0,active
CHEMBL359594,O=C1c2ccc3c4ccc5c6c(ccc(c7ccc(c2c37)C(=O)N1CCN1CCCCC1)c64)C(=O)N(CCN1CCCCC1)C5=O,200.0,active
CHEMBL225001,CN(C)CCN1C(=O)c2ccc3c4ccc5c6c(ccc(c7ccc(c2c37)C1=O)c64)C(=O)N(CCN(C)C)C5=O,160.0,active
CHEMBL275860,C[N+](C)(C)CCCN1C(=O)c2ccc3c4c(ccc(c24)C1=O)C(=O)N(CCC[N+](C)(C)C)C3=O,2500.0,intermediate
CHEMBL443683,Cc1oc2nc1-c1nc(co1)-c1nc(co1)-c1nc(co1)-c1nc(co1)-c1nc(co1)C1=NC(CS1)c1nc-2c(C)o1,0.64,active
CHEMBL65606,C[n+]1ccc(-c2c3nc(c(-c4cc[n+](C)cc4)c4ccc([nH]4)c(-c4cc[n+](C)cc4)c4ccc([nH]4)c(-c4cc[n+](C)cc4)c4nc2C=C4)C=C3)cc1,550.0,active
CHEMBL336434,CN(C)c1ccc(Nc2c3ccc(NC(=O)CCN4CCCC4)cc3nc3cc(NC(=O)CCN4CCCC4)ccc23)cc1,45.0,active
CHEMBL409247,C[n+]1cc(NC(=O)c2cccc(C(=O)Nc3cc4ccccc4[n+](C)c3)n2)cc2ccccc21,52.0,active
CHEMBL259739,C[n+]1cc(NC(=O)c2ccc3ccc4ccc(C(=O)Nc5cc6ccccc6[n+](C)c5)nc4c3n2)cc2ccccc21,1.5,active
CHEMBL195416,O=C1Oc2cc(O)ccc2/C1=C\c1ccc(O)cc1,400000.0,inactive
CHEMBL505529,C=C1NC(=O)C(C)C(CCC(C)C(=O)/C=C/C(C)=C/CC(C)CCCCCCC)OC(=O)[C@H](CC(OS(=O)(=O)O)C(N)=O)NC(=O)[C@@H](C)CNC1=O,250000.0,inactive
CHEMBL65,CC[C@@]1(O)C(=O)OCc2c1cc1n(c2=O)Cc2cc3ccccc3nc2-1,300000.0,inactive
CHEMBL53463,COc1cccc2c1C(=O)c1c(O)c3c(c(O)c1C2=O)C[C@@](O)(C(=O)CO)C[C@@H]3O[C@H]1C[C@H](N)[C@H](O)[C@H](C)O1,73000.0,inactive
CHEMBL219728,CN(C)CCCNc1c2ccccc2nc2c1[nH]c1ccccc12,630.0,active
CHEMBL490013,CCN(CC)CCCNc1c2ccccc2[n+](C)c2c1[nH]c1c(F)cc(F)cc12.[I-],270.0,active
CHEMBL489811,CN(C)CCCNc1c2ccccc2[n+](C)c2c1[nH]c1c(F)cc(F)cc12.[I-],400.0,active
CHEMBL491633,CCN(CC)CCCNc1c2ccccc2[n+](C)c2c1[nH]c1ccc(F)cc12.[I-],200.0,active
CHEMBL491432,CN(C)CCCNc1c2ccccc2[n+](C)c2c1[nH]c1ccc(F)cc12.[I-],310.0,active
CHEMBL482414,CN(C)CCCNc1c2ccccc2[n+](C)c2c1oc1ccccc12.[I-],370.0,active
CHEMBL484670,CCN(CC)CCCNc1c2ccccc2[n+](C)c2c1[nH]c1ccccc12.[I-],160.0,active
CHEMBL507633,CN(C)CCCNc1c2ccccc2[n+](C)c2c1[nH]c1ccccc12.[I-],220.0,active
CHEMBL443702,O=C(CCN1CCCC1)Nc1ccc2c(NCNCCNCNc3c4ccc(NC(=O)CCN5CCCC5)cc4nc4cc(NC(=O)CCN5CCCC5)ccc34)c3ccc(NC(=O)CCN4CCCC4)cc3nc2c1,7500.0,intermediate
CHEMBL506865,O=C(CCN1CCCC1)Nc1ccc2c(NCOCCOCNc3c4ccc(NC(=O)CCN5CCCC5)cc4nc4cc(NC(=O)CCN5CCCC5)ccc34)c3ccc(NC(=O)CCN4CCCC4)cc3nc2c1,9000.0,intermediate
CHEMBL448813,O=C(CCN1CCCC1)Nc1ccc2c(NCCCCCCNc3c4ccc(NC(=O)CCN5CCCC5)cc4nc4cc(NC(=O)CCN5CCCC5)ccc34)c3ccc(NC(=O)CCN4CCCC4)cc3nc2c1,4000.0,intermediate
CHEMBL574043,CN(C)CCCNCc1cccc2cc3cccc(CNCCCN(C)C)c3nc12,150.0,active
CHEMBL575809,C[N+](C)(C)CCC(=O)NCc1cccc2cc3cccc(CNC(=O)CC[N+](C)(C)C)c3nc12.[I-].[I-],3000.0,intermediate
CHEMBL566078,C[N+]1(CCC(=O)NCc2cccc3cc4cccc(CNC(=O)CC[N+]5(C)CCCC5)c4nc23)CCCC1.[I-].[I-],4000.0,intermediate
CHEMBL574042,CN(C)CCNCc1cccc2cc3cccc(CNCCN(C)C)c3nc12,5600.0,intermediate
CHEMBL577150,O=C(CCN1CCCC1)NCc1cccc2cc3cccc(CNC(=O)CCN4CCCC4)c3nc12,6000.0,intermediate
CHEMBL572616,C[N+](C)(C)CC(=O)NCc1cccc2cc3cccc(CNC(=O)C[N+](C)(C)C)c3nc12.[I-].[I-],7300.0,intermediate
CHEMBL576188,O=C(CCCN1CCCCC1)NCc1cccc2cc3cccc(CNC(=O)CCCN4CCCCC4)c3nc12,12000.0,inactive
CHEMBL573120,O=C(CCCN1CCCC1)NCc1cccc2cc3cccc(CNC(=O)CCCN4CCCC4)c3nc12,13000.0,inactive
CHEMBL572645,C[N+]1(CC(=O)NCc2cccc3cc4cccc(CNC(=O)C[N+]5(C)CCCC5)c4nc23)CCCC1.[I-].[I-],27000.0,inactive
CHEMBL573121,C[N+]1(CC(=O)NCc2cccc3cc4cccc(CNC(=O)C[N+]5(C)CCCCC5)c4nc23)CCCCC1.[I-].[I-],30000.0,inactive
CHEMBL573386,CN(C)CC(=O)NCc1cccc2cc3cccc(CNC(=O)CN(C)C)c3nc12,30000.0,inactive
CHEMBL573353,O=C(CN1CCCC1)NCc1cccc2cc3cccc(CNC(=O)CN4CCCC4)c3nc12,30000.0,inactive
CHEMBL575850,CN(C)CCC(=O)NCc1cccc2cc3cccc(CNC(=O)CCN(C)C)c3nc12,30000.0,inactive
CHEMBL573387,O=C(CCN1CCCCC1)NCc1cccc2cc3cccc(CNC(=O)CCN4CCCCC4)c3nc12,30000.0,inactive
CHEMBL573861,CN1CCN(CCC(=O)NCc2cccc3cc4cccc(CNC(=O)CCN5CCN(C)CC5)c4nc23)CC1,30000.0,inactive
CHEMBL3216236,Cl.Cl.NCc1cccc2cc3cccc(CN)c3nc12,30000.0,inactive
CHEMBL1078127,CC1(C)CC2CN(CCC(=O)Nc3ccc4cc5ccc(NC(=O)CCN6CC7CC(C)(C)CC(C)(C7)C6)cc5nc4c3)CC(C)(C2)C1,50000.0,inactive
CHEMBL181970,O=C(CCCCC(=O)N1CCCC1)Nc1ccc(Nc2c3ccc(NC(=O)CCN4CCCC4)cc3nc3cc(NC(=O)CCN4CCCC4)ccc23)cc1,318.0,active
CHEMBL1078222,O=C(CCCCC(=O)[N+]1([O-])CCCCC1)Nc1ccc(Nc2c3ccc(NC(=O)CCN4CCCC4)cc3nc3cc(NC(=O)CCN4CCCC4)ccc23)cc1,267.0,active
CHEMBL184587,CCN(CC)CCNC(=O)CCCCC(=O)Nc1ccc(Nc2c3ccc(NC(=O)CCN4CCCC4)cc3nc3cc(NC(=O)CCN4CCCC4)ccc23)cc1,98.0,active
CHEMBL182871,CCN(CC)CCCCCCNC(=O)CCCCC(=O)Nc1ccc(Nc2c3ccc(NC(=O)CCN4CCCC4)cc3nc3cc(NC(=O)CCN4CCCC4)ccc23)cc1,80.0,active
CHEMBL185975,O=C(CCN1CCCC1)Nc1ccc2c(O)c3ccc(NC(=O)CCN4CCCC4)cc3nc2c1,8100.0,intermediate
CHEMBL187955,O=C(CCN1CCCCC1)Nc1ccc2c(O)c3ccc(NC(=O)CCN4CCCCC4)cc3nc2c1,5900.0,intermediate
CHEMBL186509,CN(C)CCC(=O)Nc1ccc2c(O)c3ccc(NC(=O)CCN(C)C)cc3nc2c1,4300.0,intermediate
CHEMBL362887,CCN(CC)CCC(=O)Nc1ccc2c(O)c3ccc(NC(=O)CCN(CC)CC)cc3nc2c1,2700.0,intermediate
CHEMBL3707106,O=C(CC[N+]1([O-])CCCCC1)Nc1ccc2c(=O)c3ccc(NC(=O)CC[N+]4([O-])CCCCC4)cc3[nH]c2c1,49000.0,inactive
CHEMBL184711,CC1CCN(CCC(=O)Nc2ccc3c(O)c4ccc(NC(=O)CCN5CCC(C)CC5)cc4nc3c2)CC1,1700.0,intermediate
CHEMBL365070,O=C(CCN1CCC(O)CC1)Nc1ccc2c(O)c3ccc(NC(=O)CCN4CCC(O)CC4)cc3nc2c1,1700.0,intermediate
CHEMBL185718,CCC1CCCCN1CCC(=O)Nc1ccc2c(O)c3ccc(NC(=O)CCN4CCCCC4CC)cc3nc2c1,2300.0,intermediate
CHEMBL184503,CC1CCCCN1CCC(=O)Nc1ccc2c(O)c3ccc(NC(=O)CCN4CCCCC4C)cc3nc2c1,2300.0,intermediate
CHEMBL187202,O=C(CCN1CCCC1)Nc1ccc2nc3ccc(NC(=O)CCN4CCCC4)cc3c(O)c2c1,5800.0,intermediate
CHEMBL186489,O=C(CCN1CCCCC1)Nc1ccc2nc3ccc(NC(=O)CCN4CCCCC4)cc3c(O)c2c1,1900.0,intermediate
CHEMBL186971,CN(C)CCC(=O)Nc1ccc2nc3ccc(NC(=O)CCN(C)C)cc3c(O)c2c1,600.0,active
CHEMBL3707104,C[N+]1(CCC(=O)Nc2ccc3[nH]c4ccc(NC(=O)CC[N+]5(C)CCNCC5)cc4c(=O)c3c2)CCNCC1,1900.0,intermediate
CHEMBL186848,CC1CCCCN1CCC(=O)Nc1ccc2nc3ccc(NC(=O)CCN4CCCCC4C)cc3c(O)c2c1,1500.0,intermediate
CHEMBL365069,O=C(CCN1CCC(O)CC1)Nc1ccc2nc3ccc(NC(=O)CCN4CCC(O)CC4)cc3c(O)c2c1,2300.0,intermediate
CHEMBL3707105,O=C(CCN1CCCCC1CCO)Nc1ccc2c(=O)c3cc(NC(=O)CCN4CCCCC4CCO)ccc3[nH]c2c1,200.0,active
CHEMBL186933,CCN(CC)CCC(=O)Nc1ccc2c(O)c3cc(NC(=O)CCN(CC)CC)ccc3nc2c1,700.0,active
CHEMBL186019,O=C(CCN1CCCCC1)Nc1ccc2c(O)c3cc(NC(=O)CCN4CCCCC4)ccc3nc2c1,400.0,active
CHEMBL361868,CC1CCN(CCC(=O)Nc2ccc3c(O)c4cc(NC(=O)CCN5CCC(C)CC5)ccc4nc3c2)CC1,200.0,active
CHEMBL186346,O=C(CCN1CCC(O)CC1)Nc1ccc2c(O)c3cc(NC(=O)CCN4CCC(O)CC4)ccc3nc2c1,200.0,active
CHEMBL335819,Nc1ccc(Nc2c3ccc(NC(=O)CCN4CCCC4)cc3nc3cc(NC(=O)CCN4CCCC4)ccc23)cc1,74.0,active
CHEMBL335132,CN(C)CCCNc1c2ccc(NC(=O)CCN3CCCC3)cc2nc2cc(NC(=O)CCN3CCCC3)ccc12,60.0,active
CHEMBL141540,O=C(CCN1CCCC1)Nc1ccc2c(NCCN3CCCCC3)c3ccc(NC(=O)CCN4CCCC4)cc3nc2c1,50.0,active
CHEMBL336417,Nc1cccc(Nc2c3ccc(NC(=O)CCN4CCCC4)cc3nc3cc(NC(=O)CCN4CCCC4)ccc23)c1,60.0,active
CHEMBL139511,Nc1ccccc1Nc1c2ccc(NC(=O)CCN3CCCC3)cc2nc2cc(NC(=O)CCN3CCCC3)ccc12,20.0,active
CHEMBL138487,CN(C)c1cccc(Nc2c3ccc(NC(=O)CCN4CCCC4)cc3nc3cc(NC(=O)CCN4CCCC4)ccc23)c1,100.0,active
CHEMBL139287,O=C(CCN1CCCC1)Nc1ccc2c(NC3CCCCC3)c3ccc(NC(=O)CCN4CCCC4)cc3nc2c1,90.0,active
CHEMBL335564,COCCNc1c2ccc(NC(=O)CCN3CCCC3)cc2nc2cc(NC(=O)CCN3CCCC3)ccc12,140.0,active
CHEMBL1078502,O=C(CCN1CCCC1)Nc1ccc2c(NC3CCCCCC3)c3ccc(NC(=O)CCN4CCCC4)cc3nc2c1,210.0,active
CHEMBL336444,CC(=O)c1ccc(Nc2c3ccc(NC(=O)CCN4CCCC4)cc3nc3cc(NC(=O)CCN4CCCC4)ccc23)cc1,40.0,active
CHEMBL140180,CN(C)CCNc1c2ccc(NC(=O)CCN3CCCC3)cc2nc2cc(NC(=O)CCN3CCCC3)ccc12,18.0,active
CHEMBL1078511,CN1CCCC1CCNc1c2ccc(NC(=O)CCN3CCCC3)cc2nc2cc(NC(=O)CCN3CCCC3)ccc12,18.0,active
CHEMBL141661,CC(=O)Nc1cccc(Nc2c3ccc(NC(=O)CCN4CCCC4)cc3nc3cc(NC(=O)CCN4CCCC4)ccc23)c1,100.0,active
CHEMBL138811,O=C(CCN1CCCC1)Nc1ccc2c(NC3CC3)c3ccc(NC(=O)CCN4CCCC4)cc3nc2c1,50.0,active
CHEMBL343795,O=C(CCN1CCCC1)Nc1ccc2c(Nc3ccc(F)cc3)c3ccc(NC(=O)CCN4CCCC4)cc3nc2c1,70.0,active
CHEMBL137809,CSc1ccccc1Nc1c2ccc(NC(=O)CCN3CCCC3)cc2nc2cc(NC(=O)CCN3CCCC3)ccc12,150.0,active
CHEMBL138761,CSc1cccc(Nc2c3ccc(NC(=O)CCN4CCCC4)cc3nc3cc(NC(=O)CCN4CCCC4)ccc23)c1,100.0,active
CHEMBL337762,Nc1ccc(Nc2c3ccc(NC(=O)CCN4CCCC4)cc3nc3ccc(NC(=O)CCN4CCCC4)cc23)cc1,80.0,active
CHEMBL138357,CN(C)c1ccc(Nc2c3ccc(NC(=O)CCN4CCCC4)cc3nc3ccc(NC(=O)CCN4CCCC4)cc23)cc1,170.0,active
CHEMBL140084,CN(C)CCNc1c2ccc(NC(=O)CCN3CCCC3)cc2nc2ccc(NC(=O)CCN3CCCC3)cc12,270.0,active
CHEMBL342480,Nc1cccc(Nc2c3ccc(NC(=O)CCN4CCCC4)cc3nc3ccc(NC(=O)CCN4CCCC4)cc23)c1,210.0,active
CHEMBL343609,Nc1ccccc1Nc1c2ccc(NC(=O)CCN3CCCC3)cc2nc2ccc(NC(=O)CCN3CCCC3)cc12,110.0,active
CHEMBL140354,O=C(CCN1CCCC1)Nc1ccc2c(Nc3ccccc3)c3cc(NC(=O)CCN4CCCC4)ccc3nc2c1,1330.0,intermediate
CHEMBL138187,CN(C)CCCNc1c2ccc(NC(=O)CCN3CCCC3)cc2nc2ccc(NC(=O)CCN3CCCC3)cc12,80.0,active
CHEMBL137973,O=C(CCN1CCCC1)Nc1ccc2c(NC3CCCCC3)c3cc(NC(=O)CCN4CCCC4)ccc3nc2c1,210.0,active
CHEMBL141740,COc1ccc(Nc2c3cc(NC(=O)CCN4CCCC4)ccc3nc3ccc(NC(=O)CCN4CCCC4)cc23)cc1,460.0,active
CHEMBL345035,Nc1ccccc1Nc1c2cc(NC(=O)CCN3CCCC3)ccc2nc2ccc(NC(=O)CCN3CCCC3)cc12,170.0,active
CHEMBL139500,Nc1cccc(Nc2c3cc(NC(=O)CCN4CCCC4)ccc3nc3ccc(NC(=O)CCN4CCCC4)cc23)c1,1090.0,intermediate
CHEMBL139443,CN(C)c1cccc(Nc2c3cc(NC(=O)CCN4CCCC4)ccc3nc3ccc(NC(=O)CCN4CCCC4)cc23)c1,600.0,active
CHEMBL142036,Nc1ccc(Nc2c3cc(NC(=O)CCN4CCCC4)ccc3nc3ccc(NC(=O)CCN4CCCC4)cc23)cc1,200.0,active
CHEMBL341985,CN(C)c1ccc(Nc2c3cc(NC(=O)CCN4CCCC4)ccc3nc3ccc(NC(=O)CCN4CCCC4)cc23)cc1,500.0,active
CHEMBL138369,O=C(CCN1CCCC1)Nc1ccc2nc3ccc(NC(=O)CCN4CCCC4)cc3c(Nc3ccccc3)c2c1,1290.0,intermediate
CHEMBL342921,COc1cccc(Nc2c3cc(NC(=O)CCN4CCCC4)ccc3nc3ccc(NC(=O)CCN4CCCC4)cc23)c1,2730.0,intermediate
CHEMBL343041,O=C(CCN1CCCC1)Nc1ccc2nc3ccc(NC(=O)CCN4CCCC4)cc3c(Nc3ccccc3O)c2c1,1030.0,intermediate
CHEMBL137928,CN(C)CCNc1c2cc(NC(=O)CCN3CCCC3)ccc2nc2ccc(NC(=O)CCN3CCCC3)cc12,570.0,active
CHEMBL1171696,CC(=O)N1N=C(C)CC1c1ccc(OCc2ccc(Cl)nc2)cc1,46700.0,inactive
CHEMBL1171697,O=c1cc(-c2ccccc2)oc2cc(OCc3ccc(Cl)nc3)cc(O)c12,20900.0,inactive
CHEMBL1172458,O=c1cc(-c2ccc(OCc3ccc(Cl)nc3)cc2)oc2cc(O)cc(O)c12,3500.0,intermediate
CHEMBL1170488,COc1ccc(-c2coc3cc(OCc4ccc(Cl)nc4)ccc3c2=O)cc1,2500.0,intermediate
CHEMBL1170702,COc1ccc(-c2cc(=O)c3ccc(OCc4ccc(Cl)nc4)cc3o2)cc1,3100.0,intermediate
CHEMBL1169924,O=c1cc(-c2ccc(OCc3ccc(Cl)nc3)cc2)oc2cc(OCc3ccc(Cl)nc3)cc(O)c12,800.0,active
CHEMBL1169925,O=c1cc(-c2ccc(OCc3ccc(Cl)nc3)cc2)oc2cc(OCc3ccc(Cl)nc3)ccc12,3000.0,intermediate
CHEMBL1258747,COc1ccc(C2CC(c3cc4ccccc4oc3=O)=NN2C(C)=O)cc1,36700.0,inactive
CHEMBL1258748,CC(=O)N1N=C(c2cc3ccccc3oc2=O)CC1c1ccc(O)cc1,29100.0,inactive
CHEMBL1258868,CC(=O)N1N=C(c2cc3ccccc3oc2=O)CC1c1ccccc1Cl,6500.0,intermediate
CHEMBL1258869,CC(=O)N1N=C(c2cc3ccccc3oc2=O)CC1c1ccccc1,2000.0,intermediate
CHEMBL1258982,CC(=O)N1N=C(c2cc3ccccc3oc2=O)CC1c1ccc(Cl)cc1Cl,9600.0,intermediate
CHEMBL1258983,CC(=O)N1N=C(c2cc3c(Br)cccc3oc2=O)CC1c1ccccc1,1800.0,intermediate
CHEMBL1257134,CC(=O)N1N=C(c2cc3c(Br)cccc3oc2=O)CC1c1ccc(O)cc1,4000.0,intermediate
CHEMBL1278128,COc1ccc(-c2nnc(SCc3ccc(Cl)nc3)o2)c(O)c1,2300.0,intermediate
CHEMBL1276872,Clc1ccc(CSc2nnc(-c3cccc4ccccc34)o2)cn1,4200.0,intermediate
CHEMBL1689438,O=C1c2ccc3c4ccc5c6c(cc(N7CCCCC7)c(c7ccc(c2c37)C(=O)N1CCOCCN1CCCCC1)c64)C(=O)N(CCOCCN1CCCCC1)C5=O,10000.0,inactive
CHEMBL1689442,CN(C)CCCN1CCN(c2cc3c4c(ccc5c6ccc7c8c(ccc(c2c45)c86)C(=O)N(CCN2CCCCC2)C7=O)C(=O)N(CCN2CCCCC2)C3=O)CC1,3000.0,intermediate
CHEMBL1689441,CN1CCN(c2cc3c4c(ccc5c6c(N7CCN(C)CC7)cc7c8c(ccc(c2c45)c86)C(=O)N(CCN2CCCCC2)C7=O)C(=O)N(CCN2CCCCC2)C3=O)CC1,10000.0,inactive
CHEMBL1770486,CC1=NN(C(=O)c2ccccc2)C(c2ccccc2O)C1,4000.0,intermediate
CHEMBL1770487,CC1=NN(C(=O)c2ccc(C)cc2)C(c2ccccc2O)C1,31500.0,inactive
CHEMBL1770488,CC1=NN(C(=O)c2ccccc2C)C(c2ccccc2O)C1,24500.0,inactive
CHEMBL1770490,CC1=NN(C(=O)CCl)C(c2ccccc2O)C1,9500.0,intermediate
CHEMBL1770493,CC1=NN(S(=O)(=O)c2ccccc2)C(c2ccccc2O)C1,17300.0,inactive
CHEMBL1770494,CC1=NN(S(=O)(=O)c2ccc(C)cc2)C(c2ccccc2O)C1,16800.0,inactive
CHEMBL1770495,CC1=NN(S(=O)(=O)CCc2ccc([N+](=O)[O-])cc2)C(c2ccccc2O)C1,12500.0,inactive
CHEMBL1917258,c1ccc(CSc2nnc(-c3ccc4c(c3)OCCO4)o2)cc1,8210.0,intermediate
CHEMBL1917259,Cc1cccc(CSc2nnc(-c3ccc4c(c3)OCCO4)o2)c1,3260.0,intermediate
CHEMBL1917260,O=[N+]([O-])c1ccc(CSc2nnc(-c3ccc4c(c3)OCCO4)o2)cc1,2710.0,intermediate
CHEMBL1917261,Fc1ccccc1CSc1nnc(-c2ccc3c(c2)OCCO3)o1,2930.0,intermediate
CHEMBL1917262,O=[N+]([O-])c1ccccc1CSc1nnc(-c2ccc3c(c2)OCCO3)o1,12150.0,inactive
CHEMBL1917263,Cc1ccc(CSc2nnc(-c3ccc4c(c3)OCCO4)o2)cc1,5040.0,intermediate
CHEMBL1917264,Fc1ccc(CSc2nnc(-c3ccc4c(c3)OCCO4)o2)cc1,3670.0,intermediate
CHEMBL1917265,O=[N+]([O-])c1cccc(CSc2nnc(-c3ccc4c(c3)OCCO4)o2)c1,4650.0,intermediate
CHEMBL1917266,Clc1ccc(CSc2nnc(-c3ccc4c(c3)OCCO4)o2)cc1,2910.0,intermediate
CHEMBL1917267,Ic1ccc(CSc2nnc(-c3ccc4c(c3)OCCO4)o2)cc1,3660.0,intermediate
CHEMBL1917268,Cc1ccccc1CSc1nnc(-c2ccc3c(c2)OCCO3)o1,1270.0,intermediate
CHEMBL1917269,Brc1ccccc1CSc1nnc(-c2ccc3c(c2)OCCO3)o1,2020.0,intermediate
CHEMBL1917270,Brc1cccc(CSc2nnc(-c3ccc4c(c3)OCCO4)o2)c1,2450.0,intermediate
CHEMBL1917271,Brc1ccc(CSc2nnc(-c3ccc4c(c3)OCCO4)o2)cc1,1660.0,intermediate
CHEMBL1917272,Clc1ccccc1CSc1nnc(-c2ccc3c(c2)OCCO3)o1,5890.0,intermediate
CHEMBL1917273,Clc1cccc(CSc2nnc(-c3ccc4c(c3)OCCO4)o2)c1,2340.0,intermediate
CHEMBL1917274,Fc1cccc(F)c1CSc1nnc(-c2ccc3c(c2)OCCO3)o1,15780.0,inactive
CHEMBL1917275,Fc1ccc(CSc2nnc(-c3ccc4c(c3)OCCO4)o2)c(F)c1,2440.0,intermediate
CHEMBL1917276,Ic1ccccc1CSc1nnc(-c2ccc3c(c2)OCCO3)o1,1830.0,intermediate
CHEMBL388978,CN[C@@H]1C[C@H]2O[C@@](C)([C@@H]1OC)n1c3ccccc3c3c4c(c5c6ccccc6n2c5c31)C(=O)NC4,8320.0,intermediate
CHEMBL33859,CCn1c(=O)/c(=C2\Sc3ccccc3N2C)s/c1=C\c1cccc[n+]1CC.[Cl-],5000.0,intermediate
CHEMBL295124,COc1ccc2cc3[n+](cc2c1OC)CCc1cc2c(cc1-3)OCO2,37000.0,inactive
CHEMBL1956189,CCn1c(=O)/c(=C2\Sc3ccccc3N2C)s/c1=C\c1scc(C)[n+]1CC.[Cl-],2000.0,intermediate
CHEMBL2012469,CC1=NN(C(=O)CN2CCC(O)CC2)C(c2ccccc2O)C1,9110.0,intermediate
CHEMBL2012472,CC1=NN(C(=O)CN2CCC(C)CC2)C(c2ccccc2O)C1,5990.0,intermediate
CHEMBL2012474,CC1=NN(C(=O)CN2CCC(C(F)(F)F)CC2)C(c2ccccc2O)C1,8810.0,intermediate
CHEMBL2012475,CC1=NN(C(=O)CN2CCCCC2[N+](=O)[O-])C(c2ccccc2O)C1,42120.0,inactive
CHEMBL2012477,CC1CCN(CC(=O)N2N=C(c3cc4ccccc4oc3=O)CC2c2ccccc2)CC1,2000.0,intermediate
CHEMBL2012478,O=C(CN1CCC(Br)CC1)N1N=C(c2cc3ccccc3oc2=O)CC1c1ccccc1,4110.0,intermediate
CHEMBL2158667,Fc1cccc(F)c1CSc1nnc(-c2cnccn2)n1-c1ccccc1,24160.0,inactive
CHEMBL2158659,Fc1ccccc1CSc1nnc(-c2cnccn2)n1-c1ccccc1,17650.0,inactive
CHEMBL2158674,Fc1ccc(CSc2nnc(-c3cnccn3)o2)cc1,17120.0,inactive
CHEMBL2158663,Fc1ccc(CSc2nnc(-c3cnccn3)n2-c2ccccc2)cc1,15030.0,inactive
CHEMBL2158664,Clc1ccc(CSc2nnc(-c3cnccn3)n2-c2ccccc2)cc1,13440.0,inactive
CHEMBL2158653,Fc1ccc(CSc2nnc(-c3cnccn3)s2)cc1,12090.0,inactive
CHEMBL2158654,Clc1ccc(CSc2nnc(-c3cnccn3)s2)cc1,7880.0,intermediate
CHEMBL2158665,Brc1ccc(CSc2nnc(-c3cnccn3)n2-c2ccccc2)cc1,7130.0,intermediate
CHEMBL2158672,Clc1cccc(CSc2nnc(-c3cnccn3)o2)c1,6380.0,intermediate
CHEMBL2158650,Brc1ccccc1CSc1nnc(-c2cnccn2)s1,3970.0,intermediate
CHEMBL2158673,Brc1cccc(CSc2nnc(-c3cnccn3)o2)c1,3590.0,intermediate
CHEMBL2158671,Brc1ccccc1CSc1nnc(-c2cnccn2)o1,3550.0,intermediate
CHEMBL2158651,Clc1cccc(CSc2nnc(-c3cnccn3)s2)c1,3120.0,intermediate
CHEMBL2158652,Brc1cccc(CSc2nnc(-c3cnccn3)s2)c1,1540.0,intermediate
CHEMBL2158655,Brc1ccc(CSc2nnc(-c3cnccn3)s2)cc1,1240.0,intermediate
CHEMBL51931,O=C1C(=O)c2ccccc2-c2ccccc21,5000.0,intermediate
CHEMBL187266,Cc1coc2c1C(=O)C(=O)c1c-2ccc2c1CCCC2(C)C,5000.0,intermediate
CHEMBL2171146,OCCN1CCN(c2ccc3nc(-c4ccc5c(c4)CN4CN5Cc5cc(-c6nc7ccc(N8CCN(CCO)CC8)cc7[nH]6)ccc54)[nH]c3c2)CC1,14500.0,inactive
CHEMBL2171147,CN1CCN(c2ccc3nc(-c4ccc5c(c4)CN4CN5Cc5cc(-c6nc7ccc(N8CCN(C)CC8)cc7[nH]6)ccc54)[nH]c3c2)CC1,34700.0,inactive
CHEMBL2170856,O=C(Nc1cccc(NC(=O)c2cccc(O)c2O)c1)c1cccc(O)c1O,670.0,active
CHEMBL297453,O=C(O[C@@H]1Cc2c(O)cc(O)cc2O[C@@H]1c1cc(O)c(O)c(O)c1)c1cc(O)c(O)c(O)c1,1000.0,active
CHEMBL2170857,COC(=O)c1cc2cc3c(c(O)c2c(=O)o1)O[C@]1(CC3)CC2=C(O1)C(=O)c1c(O)c(OC)cc(OC)c1C2=O,3060.0,intermediate
CHEMBL2170855,C[n+]1ccc(-c2c3nc(c(-c4cc[n+](C)cc4)c4ccc([nH]4)c(-c4cc[n+](C)cc4)c4nc(c(-c5cc[n+](C)cc5)c5ccc2[nH]5)C=C4)C=C3)cc1.Cc1ccc(S(=O)(=O)[O-])cc1.Cc1ccc(S(=O)(=O)[O-])cc1.Cc1ccc(S(=O)(=O)[O-])cc1.Cc1ccc(S(=O)(=O)[O-])cc1,147.0,active
CHEMBL2203643,CN(C)CCCNc1nc(-c2ccc(Cl)cc2NC(=O)CCCN2CCN(C)CC2)nc2ccccc12,7700.0,intermediate
CHEMBL2203658,CN(C)CCCNc1nc(-c2ccc(Cl)cc2NC(=O)CCN2CCN(C)CC2)nc2ccccc12,7400.0,intermediate
CHEMBL2203649,CN(C)CCCNc1nc(-c2ccc(Cl)cc2NC(=O)CN2CCN(C)CC2)nc2ccccc12,29300.0,inactive
CHEMBL1181174,Cc1cc2c3c([n+](C)c4ccc(F)cc4c3c1)-c1cc(F)ccc1N2C,331131121.48,inactive
CHEMBL2260106,Cc1ccc(-c2c3cc(N)ccc3c3ccc(Nc4cc(C)[n+](C)c(N)n4)cc3[n+]2C)cc1,46773514.13,inactive
CHEMBL2260105,CC[n+]1c(-c2ccccc2)c2c(/N=N/c3cccc(C(=N)N)c3)c(N)ccc2c2ccc(N)cc21,97723722.1,inactive
CHEMBL2111043,CC[n+]1c(-c2ccccc2)c2cc(N/N=N/c3cccc(C(=N)N)c3)ccc2c2ccc(N)cc21,19054607.18,inactive
CHEMBL2260104,CC[n+]1c(-c2ccccc2)c2cc(N/N=N/c3ccc(C(=N)N)cc3)ccc2c2ccc(N)cc21,18197008.59,inactive
CHEMBL2298049,Cc1cc(N)c2cc(NC(=N)NC(=N)Nc3ccc4nc(C)cc(N)c4c3)ccc2n1,1995.26,intermediate
CHEMBL2297965,Cc1cc(N)c2cc(Nc3ccnc(Nc4ccc5nc(C)cc(N)c5c4)n3)ccc2n1,489.78,active
CHEMBL2297964,CCN(CC)c1nc(Nc2ccncc2)nc(Nc2ccc3nc(C)cc(C)c3c2)n1,3388.44,intermediate
CHEMBL2297963,CCN(CC)c1nc(Nc2ccc3ncccc3c2)nc(Nc2ccc3nc(C)cc(N)c3c2)n1,2511.89,intermediate
CHEMBL2297962,CSc1nc(Nc2ccc3nc(C)ccc3c2)nc(Nc2ccc3nc(C)cc(N)c3c2)n1,1000.0,active
CHEMBL2297961,CCc1cc(Nc2nc(Nc3ccc4nc(C)cc(N)c4c3)nc(SC)n2)ccn1,2187.76,intermediate
CHEMBL2297960,CCn1c2ccccc2c2cc(Nc3nc(Nc4ccc5nc(C)cc(N)c5c4)nc(SC)n3)ccc21,2818.38,intermediate
CHEMBL2297959,CSc1nc(Nc2ccc3nc[nH]c3c2)nc(Nc2ccc3nc(C)cc(C)c3c2)n1,3311.31,intermediate
CHEMBL2297958,COc1ccc2nccc(Nc3nc(Nc4ccc5nc(C)cc(C)c5c4)nc(SC)n3)c2c1,3311.31,intermediate
CHEMBL2297957,CSc1nc(Nc2ccc3nc(C)cc(C)c3c2)nc(Nc2ccnc3ccccc23)n1,3388.44,intermediate
CHEMBL2297956,CSc1nc(Nc2ccc(C#N)cc2)nc(Nc2ccc3nc(C)cc(N)c3c2)n1,3388.44,intermediate
CHEMBL2297955,CSc1nc(Nc2cccc(C(=N)N)c2)nc(Nc2ccc3nc(C)cc(N)c3c2)n1,3311.31,intermediate
CHEMBL2298065,CSc1nc(Nc2ccc3ncccc3c2)nc(Nc2ccc3nc(C)cc(N)c3c2)n1,2570.4,intermediate
CHEMBL2298064,CSc1nc(Nc2ccc3nc(C)cc(C)c3c2)nc(Nc2ccc3nc(C)cc(N)c3c2)n1,3388.44,intermediate
CHEMBL2298063,CSc1nc(Nc2ccc3nc(C)cc(N)c3c2)nc(Nc2ccc3nc(C)cc(N(C)C)c3c2)n1,338.84,active
CHEMBL2298062,COc1cc(C)nc2ccc(Nc3nc(Nc4ccc5nc(C)cc(N)c5c4)nc(SC)n3)cc12,2290.87,intermediate
CHEMBL2298061,CSc1nc(Nc2ccc3nc(C)cc(N)c3c2)nc(N(C)c2ccc3ncccc3c2)n1,3467.37,intermediate
CHEMBL2298060,COc1cc(C)nc2ccc(Nc3nc(Nc4ccc5nc(C)cc(OC)c5c4)nc(SC)n3)cc12,3890.45,intermediate
CHEMBL2298059,CSc1nc(Nc2ccc3c(c2)c(=N)cc(C)n3C)nc(Nc2ccc3c(c2)c(=N)cc(C)n3C)n1,954.99,active
CHEMBL2298058,CSc1nc(Nc2ccc3nc(C)cc(N)c3c2)nc(Nc2ccc3nc(C)cc(N)c3c2)n1,48.98,active
CHEMBL2260109,CSc1nc(Nc2ccc3nc(C)cc(N(C)C)c3c2)nc(Nc2ccc3nc(C)cc(N(C)C)c3c2)n1,40.74,active
CHEMBL2298057,Cc1cc(N(C)C)c2cc(Nc3nc(Cl)nc(Nc4ccc5nc(C)cc(N(C)C)c5c4)n3)ccc2n1,3019.95,intermediate
CHEMBL2298056,N=C(N)c1ccc(Nc2nc(N)nc(NC3=CCC(C(=N)N)C=C3)n2)cc1,741.31,active
CHEMBL2298055,Cc1cc(N)c2cc(Nc3nc(N)nc(Nc4ccc5nc(C)cc(N)c5c4)n3)ccc2n1,51.29,active
CHEMBL2298054,C[n+]1c2ccccc2c(N)c2cc(Nc3nc(N)nc(Nc4ccc5c(c4)c(N)c4ccccc4[n+]5C)n3)ccc21,891.25,active
CHEMBL2298053,CNc1nc(Nc2ccc3nc(C)cc(NC)c3c2)nc(Nc2ccc3nc(C)cc(NC)c3c2)n1,302.0,active
CHEMBL2260108,C[n+]1cccc2cc(Nc3nc(N)nc(Nc4ccc5c(ccc[n+]5C)c4)n3)ccc21,128.82,active
CHEMBL2298052,CNc1nc(Nc2ccc3nc(C)cc(N)c3c2)nc(Nc2ccc3nc(C)cc(N)c3c2)n1,512.86,active
CHEMBL2298051,Cc1cc(N)c2cc(Nc3nc(Nc4ccc5c(c4)c(N)cc(C)[n+]5C)nc(N(C)C)n3)ccc2[n+]1C,218.78,active
CHEMBL2298050,CC[n+]1c(C)cc(N)c2cc(Nc3nc(N)nc(Nc4ccc5c(c4)c(N)cc(C)[n+]5CC)n3)ccc21,56.23,active
CHEMBL2298066,Cc1cc(N)c2cc(Nc3nc(N)nc(Nc4ccc5c(c4)c(N)cc(C)[n+]5C)n3)ccc2[n+]1C,251.19,active
CHEMBL2312635,S=c1oc(-c2ccc3ccccc3n2)nn1CN1CCN(c2ccccc2)CC1,4800.0,intermediate
CHEMBL2312634,S=c1oc(-c2ccc3ccccc3n2)nn1CN1CCOCC1,2900.0,intermediate
CHEMBL2312633,S=c1oc(-c2ccc3ccccc3n2)nn1CNc1ccccn1,3100.0,intermediate
CHEMBL2312632,CCN(Cn1nc(-c2ccc3ccccc3n2)oc1=S)c1ccccc1,5100.0,intermediate
CHEMBL2312631,CN(Cn1nc(-c2ccc3ccccc3n2)oc1=S)c1ccccc1,9300.0,intermediate
CHEMBL2312630,S=c1oc(-c2ccc3ccccc3n2)nn1CNc1ccccc1Br,10800.0,inactive
CHEMBL2312629,S=c1oc(-c2ccc3ccccc3n2)nn1CNc1ccc(Cl)cc1,900.0,active
CHEMBL2312628,S=c1oc(-c2ccc3ccccc3n2)nn1CNc1cccc(Cl)c1,3000.0,intermediate
CHEMBL2312627,S=c1oc(-c2ccc3ccccc3n2)nn1CNc1ccccc1Cl,5500.0,intermediate
CHEMBL2312626,Fc1ccc(NCn2nc(-c3ccc4ccccc4n3)oc2=S)cc1,3100.0,intermediate
CHEMBL2312625,Fc1cccc(NCn2nc(-c3ccc4ccccc4n3)oc2=S)c1,1100.0,intermediate
CHEMBL2312624,Fc1ccccc1NCn1nc(-c2ccc3ccccc3n2)oc1=S,800.0,active
CHEMBL2312623,CCOc1ccccc1NCn1nc(-c2ccc3ccccc3n2)oc1=S,2800.0,intermediate
CHEMBL2312622,Cc1ccc(NCn2nc(-c3ccc4ccccc4n3)oc2=S)cc1,7300.0,intermediate
CHEMBL2312636,S=c1oc(-c2ccc3ccccc3n2)nn1CNc1ccccc1,12800.0,inactive
CHEMBL2323141,CC1=NN2C(=O)COc3ccccc3C2C1,14800.0,inactive
CHEMBL2323147,CC1=NN2C(=O)COc3c(F)cccc3C2C1,2110.0,intermediate
CHEMBL2323146,CC1=NN2C(=O)COc3cc(C)ccc3C2C1,21900.0,inactive
CHEMBL2323145,CC1=NN2C(=O)COc3cc([N+](=O)[O-])ccc3C2C1,6600.0,intermediate
CHEMBL2321890,CC1=NN2C(=O)COc3ccc(C(F)(F)F)cc3C2C1,3140.0,intermediate
CHEMBL2323144,COc1cccc2c1OCC(=O)N1N=C(C)CC21,10820.0,inactive
CHEMBL2323143,CC1=NN2C(=O)COc3ccc(Cl)cc3C2C1,1710.0,intermediate
CHEMBL2323142,CC1=NN2C(=O)COc3c(Br)cc(Br)cc3C2C1,780.0,active
CHEMBL2333206,CC(=O)N1N=C(c2ccc([N+](=O)[O-])cc2)CC1c1ccc2c(c1)OCCCO2,93200.0,inactive
CHEMBL2333201,CC(=O)N1N=C(c2ccc(F)cc2)CC1c1ccc2c(c1)OCCCO2,83600.0,inactive
CHEMBL2333202,CC(=O)N1N=C(c2ccc(Cl)cc2)CC1c1ccc2c(c1)OCCCO2,82600.0,inactive
CHEMBL2333203,CC(=O)N1N=C(c2ccc(Br)cc2)CC1c1ccc2c(c1)OCCCO2,76400.0,inactive
CHEMBL2333218,CC(=O)N1N=C(c2ccccc2)CC1c1ccc2c(c1)OCCCO2,68300.0,inactive
CHEMBL2333204,CC(=O)N1N=C(c2ccc(C)cc2)CC1c1ccc2c(c1)OCCCO2,54900.0,inactive
CHEMBL2333205,COc1ccc(C2=NN(C(C)=O)C(c3ccc4c(c3)OCCCO4)C2)cc1,46700.0,inactive
CHEMBL2333217,CC(=O)N1N=C(c2ccc([N+](=O)[O-])cc2)CC1c1ccc2c(c1)OCCO2,37400.0,inactive
CHEMBL2333212,CC(=O)N1N=C(c2ccc(F)cc2)CC1c1ccc2c(c1)OCCO2,25700.0,inactive
CHEMBL2333213,CC(=O)N1N=C(c2ccc(Cl)cc2)CC1c1ccc2c(c1)OCCO2,23800.0,inactive
CHEMBL2333214,CC(=O)N1N=C(c2ccc(Br)cc2)CC1c1ccc2c(c1)OCCO2,22900.0,inactive
CHEMBL2333211,CC(=O)N1N=C(c2ccccc2)CC1c1ccc2c(c1)OCCO2,18500.0,inactive
CHEMBL2333215,CC(=O)N1N=C(c2ccc(C)cc2)CC1c1ccc2c(c1)OCCO2,13400.0,inactive
CHEMBL2333216,COc1ccc(C2=NN(C(C)=O)C(c3ccc4c(c3)OCCO4)C2)cc1,10600.0,inactive
CHEMBL2333210,CC(=O)N1N=C(c2ccc([N+](=O)[O-])cc2)CC1c1ccc2c(c1)OCO2,8700.0,intermediate
CHEMBL2333207,CC(=O)N1N=C(c2ccc(F)cc2)CC1c1ccc2c(c1)OCO2,7300.0,intermediate
CHEMBL2333208,CC(=O)N1N=C(c2ccc(Cl)cc2)CC1c1ccc2c(c1)OCO2,6700.0,intermediate
CHEMBL1684641,CC(=O)N1N=C(c2ccc(Br)cc2)CC1c1ccc2c(c1)OCO2,6200.0,intermediate
CHEMBL2333209,COc1ccc(C2=NN(C(C)=O)C(c3ccc4c(c3)OCO4)C2)cc1,899.5,active
CHEMBL1487360,CC(=O)N1N=C(c2ccc(C)cc2)CC1c1ccc2c(c1)OCO2,1300.17,intermediate
CHEMBL1542147,CC(=O)N1N=C(c2ccccc2)CC1c1ccc2c(c1)OCO2,3396.25,intermediate
CHEMBL2336667,CCN1CCN(Cc2nc3ccc4c(c3[nH]2)C(=O)c2ccccc2C4=O)CC1,10000.0,inactive
CHEMBL2336666,CN1CCN(Cc2nc3ccc4c(c3[nH]2)C(=O)c2ccccc2C4=O)CC1,10000.0,inactive
CHEMBL2336662,O=C1c2ccccc2C(=O)c2c1ccc1nc(CN3CCC(CCCC4CCNCC4)CC3)[nH]c21,5000.0,intermediate
CHEMBL2376052,CN(C)CCCNCCC(=O)Nc1ccc(C(=O)Nc2cc(Cl)ccc2-c2nc(NCCCN(C)C)c3ccccc3n2)cc1,2300.0,intermediate
CHEMBL2376047,CN(C)CCCNCCC(=O)Nc1ccc(C(=O)Nc2ccccc2-c2nc(NCCCN(C)C)c3ccccc3n2)cc1,30900.0,inactive
CHEMBL2376061,CN(C)CCCNCCC(=O)Nc1ccccc1-c1nc(NCCCN(C)C)c2ccccc2n1,50000.0,inactive
CHEMBL327101,O=C1c2nccc(O)c2-c2nc3ccccc3c3ccnc1c23,11000.0,inactive
CHEMBL2425361,CCN(CC)CCNc1cccc2c1C(=O)c1c(NCCCCCO)cccc1C2=O,10000.0,inactive
CHEMBL119096,C[n+]1c2ccccc2cc2[n-]c3ccccc3c21,9400.0,intermediate
CHEMBL2425362,C[N+](C)(C)CCOc1ccc2c3c(oc2c1)C(=O)c1ccccc1C3=O,5400.0,intermediate
CHEMBL2425363,Cc1cc[n+](CCC(=O)Nc2ccc3nc4ccc(NC(=O)CC[n+]5ccc(C)cc5)cc4cc3c2)cc1,1300.0,intermediate
CHEMBL2425364,c1cc2nc3ccc4cc3cc2cc1CNCCNCCNCc1ccc2nc3ccc(cc3cc2c1)CNCCNCCNC4,750.0,active
CHEMBL2425365,Cc1cc(N(C)C)c2cc(NC(=O)c3cccc(C(=O)Nc4ccc5c(ccc[n+]5C)c4)n3)ccc2[n+]1C,220.0,active
CHEMBL2425366,c1cc2nc3c4ccc5cc6cc(ccc6nc53)CNCCNCCNCc3ccc5nc6c(ccc7cc8cc(ccc8nc76)CNCCNCCNCc1cc2c4)cc5c3,130.0,active
CHEMBL1997011,CCNCC(=O)Nc1ccc2c(c1)C(=O)c1ccc(NC(=O)CNCC)cc1C2=O,100.0,active
CHEMBL2425367,CN(C)CCCNCc1ccc2nc3ccc4cc5cc(CNCCCN(C)C)ccc5nc4c3cc2c1,28.0,active
CHEMBL3099733,C[C@H]1C=C[C@H]2CCCC[C@@H]2[C@H]1C(=O)[C@@H]1C(=O)N2CC[C@H]3C(=O)O[C@@H]1[C@]32O,1300.0,intermediate
CHEMBL3109740,C/C(=C\C(=O)Nc1ccc(N2CCOCC2)cc1C(=O)O)c1ccc2ccccc2c1,470.0,active
CHEMBL2164966,C=C1C(=O)[C@]2(OC)C(=O)O[C@@]34C[C@H](C)C(C(=O)O)=C[C@@H]3CCC[C@@H](C)C[C@@H](C)[C@H]1O[C@H]24,500.0,active
CHEMBL3109739,N=C(N)Nc1nc(-c2cc(Cl)sc2Cl)cs1,1000.0,active
CHEMBL1256678,COc1ccc2c(c1)CC[C@@H]1[C@@H]2CC[C@]2(C)[C@@H](NCCCCCCN3C(=O)C=CC3=O)CC[C@@H]12,200.0,active
CHEMBL3109742,O=[N+]([O-])/C=C/c1cccc(Oc2cc(Cl)cc(Cl)c2)c1,400.0,active
CHEMBL3115524,COC(=O)CSCC(=O)N1N=C(C)C[C@@H]1c1cc(Br)cc(Br)c1O,1190.0,intermediate
CHEMBL3115523,CC1=NN(C(=O)CSc2nc3ccccc3s2)[C@@H](c2cc(Br)cc(Br)c2O)C1,4650.0,intermediate
CHEMBL3115522,CCCSCC(=O)N1N=C(C)C[C@@H]1c1cc(Br)cc(Br)c1O,1040.0,intermediate
CHEMBL3115516,O=C(CSc1ccc(Br)cc1)N1N=C(c2cc3ccccc3oc2=O)C[C@@H]1c1ccc(C(F)(F)F)cc1,25110.0,inactive
CHEMBL3115514,CCCCSCC(=O)N1N=C(c2cc3ccccc3oc2=O)C[C@@H]1c1ccc(C(F)(F)F)cc1,920.0,active
CHEMBL3115513,O=C(CSc1ncccn1)N1N=C(c2cc3ccccc3oc2=O)C[C@@H]1c1ccccc1C(F)(F)F,8890.0,intermediate
CHEMBL3115509,CCCCSCC(=O)N1N=C(c2cc3ccccc3oc2=O)C[C@@H]1c1ccccc1C(F)(F)F,2000.0,intermediate
CHEMBL3347655,COC(=O)c1cc2cc(CCc3cc4c(o3)C(=O)c3c(O)c(OC)cc(OC)c3C4=O)c(O)c(O)c2c(=O)o1,200000.0,inactive
CHEMBL165,Oc1ccc(/C=C/c2cc(O)cc(O)c2)cc1,85000.0,inactive
CHEMBL340160,O=C1c2cccnc2-c2nccc3c2c1nc1ccccc13,80.0,active
CHEMBL86416,C=C1C(=O)O[C@@H]2/C=C(\C)CC/C=C(\C)CC[C@@H]12,65000.0,inactive
CHEMBL1081908,O=C1C[C@@H](O)[C@H]2c3c(ccc(O)c31)-c1ccc(O)c3c1[C@]2(O)C=CC3=O,30000.0,inactive
CHEMBL3347541,NCCCC[C@@H]1NC(=O)c2coc(n2)-c2coc(n2)-c2coc(n2)-c2coc(n2)-c2coc(n2)-c2coc(n2)-c2coc1n2,20.0,active
CHEMBL3347540,N=C(N)NCCCC[C@@H]1NC(=O)c2coc(n2)-c2coc(n2)-c2coc(n2)[C@H](CCCCNC(=N)N)NC(=O)c2coc(n2)-c2coc(n2)-c2coc1n2,20.0,active
CHEMBL398742,NCCCC[C@@H]1NC(=O)c2coc(n2)-c2coc(n2)-c2coc(n2)[C@H](CCCCN)NC(=O)c2coc(n2)-c2coc(n2)-c2coc1n2,20.0,active
CHEMBL3347539,Cc1oc2nc1-c1nc(co1)-c1nc(co1)-c1nc(co1)-c1nc(co1)-c1nc(co1)C(=O)N[C@H](CS)c1nc-2c(C)o1,20.0,active
CHEMBL1236642,CCCCCC/C=C\CCCCCCCCCC(=O)O,16000.0,inactive
CHEMBL3139878,CCCCCCCCCCC/C=C\CCCCC(=O)O,15000.0,inactive
CHEMBL3347489,COC1=CC(=O)c2c(O)c3c(c(O)c2C1=O)OC1(Oc2c(cc4cc(C)oc(=O)c4c2O)C2OC21)C3O,12000.0,inactive
CHEMBL8659,CCCCCCCC/C=C\CCCCCCCC(=O)O,8600.0,intermediate
CHEMBL3347490,COC1=CC(=O)c2c(O)c3c(c(O)c2C1=O)O[C@]1(Oc2c(cc4cc(C)oc(=O)c4c2O)[C@@H](O)[C@@H]1O)[C@@H]3O,6000.0,intermediate
CHEMBL3347538,Cc1oc2nc1-c1nc(co1)-c1nc(co1)-c1nc(co1)-c1nc(co1)-c1nc(co1)C1=N[C@H](CS1)c1nc-2c(C)o1,5.0,active
CHEMBL338474,C=C1C(=O)O[C@@H]2C[C@@H](C)[C@@H]3C=CC(=O)[C@@]3(C)[C@@H](O)[C@H]12,4000.0,intermediate
CHEMBL3347523,CCCCCCCCCCCCCCCc1cc(O[C@@H]2O[C@H](C(=O)O)[C@@H](O)[C@H](O)[C@H]2O)cc(O)c1C(=O)Oc1cc(C)c(C(=O)O)c(O)c1,3200.0,intermediate
CHEMBL3347483,COC(=O)c1cc2cc3c(c(O)c2c(=O)o1)OC1(Cc2c(O)c4c(c(O)c2O1)C(=O)C(OC)=CC4=O)CC3O,3000.0,intermediate
CHEMBL3347482,COC(=O)c1cc2cc3c(c(O)c2c(=O)o1)O[C@]1(CC3)Cc2c(O)c3c(c(O)c2O1)C(=O)C(OC)=CC3=O,3000.0,intermediate
CHEMBL521470,O=C1C[C@H](O)[C@@H]2c3c(ccc(O)c31)-c1ccc(O)c3c1[C@@]2(O)CCC3=O,1000000.0,inactive
CHEMBL44441,O=C(Nc1ccccc1NC(=O)c1ccc(O)c(O)c1)c1ccc(O)c(O)c1,720.0,active
CHEMBL359965,C=CCS[S+]([O-])CC=C,500.0,active
CHEMBL3347644,O=C(Nc1c(-c2ccc(O)c(O)c2)oc2ccccc2c1=O)c1ccc(O)c(O)c1,380.0,active
CHEMBL3323504,CN1CCN(CCCCn2c3ccc(-c4nc5cc(N6CCN(C)CC6)ccc5[nH]4)cc3c3cc(-c4nc5cc(N6CCN(C)CC6)ccc5[nH]4)ccc32)CC1,900.0,active
CHEMBL3323505,CN1CCN(CCCCn2c3ccc(-c4nc5cc(N6CCN(CCO)CC6)ccc5[nH]4)cc3c3cc(-c4nc5cc(N6CCN(CCO)CC6)ccc5[nH]4)ccc32)CC1,600.0,active
CHEMBL3323506,CN1CCN(CCCCn2c3ccc(-c4nc5cc(N6CCOCC6)ccc5[nH]4)cc3c3cc(-c4nc5cc(N6CCOCC6)ccc5[nH]4)ccc32)CC1,1600.0,intermediate
CHEMBL3323507,CN1CCN(CCCCn2c3ccc(-c4nc5cc(-c6nc7cc(N8CCN(C)CC8)ccc7[nH]6)ccc5[nH]4)cc3c3cc(-c4nc5cc(-c6nc7cc(N8CCN(C)CC8)ccc7[nH]6)ccc5[nH]4)ccc32)CC1,1800.0,intermediate
CHEMBL3330786,CNCCNc1c2c(c(NCCNC(=N)N)c3ccsc13)C(=O)c1ccccc1C2=O.Cl,600.0,active
CHEMBL3330785,Cl.N=C(N)NCCNc1c2c(c(N)c3ccsc13)C(=O)c1ccccc1C2=O,3000.0,intermediate
CHEMBL3330784,Cl.N=C(N)NCCNc1c2c(c(N)c3sccc13)C(=O)c1ccccc1C2=O,2000.0,intermediate
CHEMBL3330783,Nc1c2c(c(N)c3sccc13)C(=O)c1ccccc1C2=O,10000.0,inactive
CHEMBL3330787,CNCCNc1c2c(c(NCCNC(=N)N)c3sccc13)C(=O)c1ccccc1C2=O.Cl,1100.0,intermediate
CHEMBL3330788,Cl.N=C(N)NCCNc1c2c(c(NCCN)c3sccc13)C(=O)c1ccccc1C2=O,800.0,active
CHEMBL3330789,Cl.N=C(N)NCCNc1c2c(c(NCCCN)c3sccc13)C(=O)c1ccccc1C2=O,700.0,active
CHEMBL3330790,CNCCNc1c2c(c(NCCNC)c3sccc13)C(=O)c1ccccc1C2=O.Cl,700.0,active
CHEMBL3330791,Cl.N=C(N)NCCNc1c2c(c(NCCNC(=N)N)c3sccc13)C(=O)c1ccccc1C2=O,700.0,active
CHEMBL3359606,CC(=N)NCCNc1c2c(c(NCCNC(C)=N)c3sccc13)C(=O)c1ccccc1C2=O.Cl,470.0,active
CHEMBL3397658,CCCc1nn(C)c(C(N)=O)c1NC(=O)/C=C/c1ccccc1,1980.0,intermediate
CHEMBL3397659,CCCc1nn(C)c(C(N)=O)c1NC(=O)c1cc(OC)c(OC)c(OC)c1,87000.0,inactive
CHEMBL3397660,CCCc1nn(C)c(C(N)=O)c1NC(=O)/C=C/c1cc(OC)c(OC)c(OC)c1,49000.0,inactive
CHEMBL3397661,CCCc1nn(C)c(C(N)=O)c1NC(=O)c1cc(OC)c(OC)cc1OC,12200.0,inactive
CHEMBL3397662,CCCc1nn(C)c(C(N)=O)c1NC(=O)/C=C/c1ccco1,1020.0,intermediate
CHEMBL3397664,CCCc1nn(C)c2c(=O)[nH]c(/C=C/c3cc(OC)c(OC)c(OC)c3)nc12,18990.0,inactive
CHEMBL3397665,CCCc1nn(C)c2c(=O)[nH]c(/C=C/c3ccco3)nc12,15170.0,inactive
CHEMBL301982,CC1=C(O)C(=O)C=C2C1=CC=C1[C@@]3(C)CC[C@@]4(C)CC[C@@](C)(C(=O)O)C[C@H]4[C@]3(C)CC[C@@]21C,780.0,active
CHEMBL3417313,CCOC(=O)[C@]1(C)CC[C@]2(C)CC[C@]3(C)C4=CC=C5C(=CC(=O)C(O)=C5C)[C@]4(C)CC[C@@]3(C)[C@@H]2C1,18550.0,inactive
CHEMBL3417314,CNC(=O)[C@]1(C)CC[C@]2(C)CC[C@]3(C)C4=CC=C5C(=CC(=O)C(O)=C5C)[C@]4(C)CC[C@@]3(C)[C@@H]2C1,15100.0,inactive
CHEMBL3417315,CC1=C(O)C(=O)C=C2C1=CC=C1[C@@]3(C)CC[C@@]4(C)CC[C@@](C)(C(=O)N(C)C)C[C@H]4[C@]3(C)CC[C@@]21C,21010.0,inactive
CHEMBL3417316,CC1=C(O)C(=O)C=C2C1=CC=C1[C@@]3(C)CC[C@@]4(C)CC[C@@](C)(C(=O)NCCO)C[C@H]4[C@]3(C)CC[C@@]21C,110.0,active
CHEMBL3417317,CCC(O)NC(=O)[C@]1(C)CC[C@]2(C)CC[C@]3(C)C4=CC=C5C(=CC(=O)C(O)=C5C)[C@]4(C)CC[C@@]3(C)[C@@H]2C1,340.0,active
CHEMBL3417319,CC1=C(O)C(=O)C=C2C1=CC=C1[C@@]3(C)CC[C@@]4(C)CC[C@@](C)(C(=O)N5CCOCC5)C[C@H]4[C@]3(C)CC[C@@]21C,8010.0,intermediate
CHEMBL3417320,CC1=C(O)C(=O)C=C2C1=CC=C1[C@@]3(C)CC[C@@]4(C)CC[C@@](C)(C(=O)N5CCN(CCN6CCOCC6)CC5)C[C@H]4[C@]3(C)CC[C@@]21C,15170.0,inactive
CHEMBL3417321,CC1=C(O)C(=O)C=C2C1=CC=C1[C@@]3(C)CC[C@@]4(C)CC[C@@](C)(C(=O)N5CCN(CCO)CC5)C[C@H]4[C@]3(C)CC[C@@]21C,2010.0,intermediate
CHEMBL3417322,CC1=C(O)C(=O)C=C2C1=CC=C1[C@@]3(C)CC[C@@]4(C)CC[C@@](C)(C(=O)N5CCN(CCN(C)C)CC5)C[C@H]4[C@]3(C)CC[C@@]21C,1410.0,intermediate
CHEMBL3423384,CCN(CC)CCCOc1c(-c2cc(OC)c(OC)c(OC)c2)oc2cc(OC)cc(OC)c2c1=O,35660.0,inactive
CHEMBL3423385,COc1cc(OC)c2c(=O)c(OCCCN3CCCC3)c(-c3cc(OC)c(OC)c(OC)c3)oc2c1,28910.0,inactive
CHEMBL3423386,COc1cc(OC)c2c(=O)c(OCCCN3CCCCC3)c(-c3cc(OC)c(OC)c(OC)c3)oc2c1,3070.0,intermediate
CHEMBL3423388,COc1cc(OC)c2c(=O)c(OCCCN3CCN(C)CC3)c(-c3cc(OC)c(OC)c(OC)c3)oc2c1,19660.0,inactive
CHEMBL3423389,CCN(CC)CCCCOc1c(-c2cc(OC)c(OC)c(OC)c2)oc2cc(OC)cc(OC)c2c1=O,40300.0,inactive
CHEMBL3423391,COc1cc(OC)c2c(=O)c(OCCCCN3CCCCC3)c(-c3cc(OC)c(OC)c(OC)c3)oc2c1,2000.0,intermediate
CHEMBL3423394,COc1cc(OC)c2c(=O)c(OCC(=O)N/N=C/c3ccccc3F)c(-c3cc(OC)c(OC)c(OC)c3)oc2c1,1820.0,intermediate
CHEMBL3423397,COc1cc(OC)c2c(=O)c(OCC(=O)N/N=C/c3ccco3)c(-c3cc(OC)c(OC)c(OC)c3)oc2c1,910.0,active
CHEMBL3782024,CC1=NN(C(=O)CF)C(c2ccccc2O)C1,4000.0,intermediate
CHEMBL3780654,CC1=NN(C(=O)C(F)(F)F)C(c2ccccc2O)C1,1860.0,intermediate
CHEMBL3781107,COc1ccc(C(=O)N2N=C(C)CC2c2ccccc2O)cc1,24950.0,inactive
CHEMBL3781523,CC1=NN(C(=O)c2ccc(F)cc2)C(c2ccccc2O)C1,29810.0,inactive
CHEMBL3780707,CC1=NN(S(=O)(=O)c2ccc(C(F)(F)F)cc2)C(c2cc(Br)ccc2O)C1,60000.0,inactive
CHEMBL3786296,O=C(CN1CCOCC1)N1N=C(c2cc3ccccc3oc2=O)CC1c1ccccc1C(F)(F)F,3030.0,intermediate
CHEMBL3785474,CCCCCCN(CCCCCC)CC(=O)N1N=C(c2cc3ccccc3oc2=O)CC1c1ccccc1C(F)(F)F,4770.0,intermediate
CHEMBL3785699,O=C(CN1CCSCC1)N1N=C(c2cc3ccccc3oc2=O)CC1c1ccccc1C(F)(F)F,3300.0,intermediate
CHEMBL3785907,CCN(CC)CC(=O)N1N=C(c2cc3ccccc3oc2=O)CC1c1ccccc1,5570.0,intermediate
CHEMBL3787196,NC(=O)C1CCN(CC(=O)N2N=C(c3cc4ccccc4oc3=O)CC2c2ccccc2)CC1,31210.0,inactive
CHEMBL3785101,O=C(CN1CCC(c2ccccc2)CC1)N1N=C(c2cc3ccccc3oc2=O)CC1c1ccccc1,35720.0,inactive
CHEMBL3786111,O=C(CN1CCC(Cl)CC1)N1N=C(c2cc3ccccc3oc2=O)CC1c1ccccc1,57790.0,inactive
CHEMBL3786231,CCCCN(CCCC)CC(=O)N1N=C(c2cc3ccccc3oc2=O)CC1c1ccccc1,980.0,active
CHEMBL3787157,CC(C)CNCC(=O)N1N=C(c2cc3ccccc3oc2=O)CC1c1ccccc1,3170.0,intermediate
CHEMBL3786236,CCCNCC(=O)N1N=C(c2cc3ccccc3oc2=O)CC1c1ccccc1,9320.0,intermediate
CHEMBL3786636,CC(C)NCC(=O)N1N=C(c2cc3ccccc3oc2=O)CC1c1ccccc1,3520.0,intermediate
CHEMBL3786821,CCNCC(=O)N1N=C(c2cc3ccccc3oc2=O)CC1c1ccccc1,6680.0,intermediate
CHEMBL3787509,CNCC(=O)N1N=C(c2cc3ccccc3oc2=O)CC1c1ccccc1,3150.0,intermediate
CHEMBL3786403,O=c1oc2ccccc2cc1C1=NN(S(=O)(=O)c2ccc([N+](=O)[O-])cc2)C(c2ccccc2)C1,31270.0,inactive
CHEMBL3786130,O=C(c1ccccc1Cl)N1N=C(c2cc3ccccc3oc2=O)CC1c1ccccc1,13100.0,inactive
CHEMBL3786734,O=C(CCl)N1N=C(c2cc3ccccc3oc2=O)CC1c1ccccc1,2270.0,intermediate
CHEMBL3785112,CCC(=O)N1N=C(c2cc3ccccc3oc2=O)CC1c1ccccc1,3630.0,intermediate
CHEMBL3785970,O=C(c1ccccc1)N1N=C(c2cc3ccccc3oc2=O)CC1c1ccccc1,8740.0,intermediate
CHEMBL3787256,COc1ccccc1C1CC(C)=NN1C(=O)C[N+]1(C)CCCC1,11030.0,inactive
CHEMBL3785712,CC[N+](C)(CC)CC(=O)N1N=C(C)CC1c1ccccc1OC,3440.0,intermediate
CHEMBL3786261,CC(=O)Oc1ccccc1C1CC(C)=NN1C(=O)CCl,1270.0,intermediate
CHEMBL3785758,CC(=O)Oc1ccccc1C1CC(C)=NN1C(=O)CN1CCCCC1C,6200.0,intermediate
CHEMBL3785794,COc1ccccc1C1CC(C)=NN1C(=O)CN1CCC(OC)CC1,8400.0,intermediate
CHEMBL3787476,CC(=O)Oc1ccccc1C1CC(C)=NN1C(=O)CN1CCC(C(C)=O)CC1,3540.0,intermediate
CHEMBL3785833,CC(=O)Oc1ccccc1C1CC(C)=NN1C(=O)CN1CCC(O)CC1,5690.0,intermediate
CHEMBL3786451,CC(=O)Oc1ccccc1C1CC(C)=NN1C(=O)CN1CCCC1,6300.0,intermediate
CHEMBL3787380,CC(=O)Oc1ccccc1C1CC(C)=NN1C(=O)CN1CCCCC1,2120.0,intermediate
CHEMBL3786450,COc1ccccc1C1CC(C)=NN1C(=O)CN(C(C)C)C(C)C,14250.0,inactive
CHEMBL3785132,C=CCN(CC=C)CC(=O)N1N=C(C)CC1c1cc(Br)ccc1O,11850.0,inactive
CHEMBL3787163,CCCN(CCC)CC(=O)N1N=C(C)CC1c1cc(Br)ccc1O,9940.0,intermediate
CHEMBL3785281,CC1=NN(C(=O)CN2CCN(C)CC2)C(c2ccccc2O)C1,2100.0,intermediate
CHEMBL3785664,CC1=NN(C(=O)CN2CCN(C(=O)OC(C)(C)C)CC2)C(c2ccccc2O)C1,6770.0,intermediate
CHEMBL3785297,COc1ccc(NCC(=O)N2N=C(C)CC2c2ccccc2O)cc1,22250.0,inactive
CHEMBL3785170,CC1=NN(C(=O)CN2CCCC2)C(c2ccccc2O)C1,5440.0,intermediate
CHEMBL3787002,CC1=NN(C(=O)CN2CCCCC2)C(c2ccccc2O)C1,4630.0,intermediate
CHEMBL3787080,CC1=NN(S(=O)(=O)c2ccc([N+](=O)[O-])cc2)C(c2cc(Cl)ccc2O)C1,41180.0,inactive
CHEMBL3785623,CCC(=O)N1N=C(C)CC1c1cc(Br)cc(Br)c1O,18150.0,inactive
CHEMBL3785686,CC1=NN(C(=O)CCl)C(c2cc(Br)cc(Br)c2O)C1,3680.0,intermediate
CHEMBL3781973,CC1=NN(C(=O)CCl)C(c2cc(Br)ccc2O)C1,3170.0,intermediate
CHEMBL3787238,CC1=NN(C(=O)COc2ccc(Cl)cc2)C(c2ccccc2O)C1,54360.0,inactive
CHEMBL3785883,CC1=NN(C(=O)CCc2ccccc2)C(c2ccccc2O)C1,10970.0,inactive
CHEMBL3948172,CC1CCCC2(OC(O)C=CC2=O)O1,12.6,active
CHEMBL4070673,O=c1cc(-c2cc(O)c(O)c([123I])c2)oc2c(O)c(O)ccc12,1730.0,intermediate
CHEMBL4076246,C/C(=C\C(=O)Nc1cc([123I])ccc1C(=O)O)c1ccc2ccccc2c1,28080.0,inactive
CHEMBL4081286,O=c1cc(-c2cc(O)c(O)cc2[123I])oc2c(O)c(O)ccc12,968.9,active
CHEMBL4062047,C/C(=C\C(=O)Nc1ccc([123I])cc1C(=O)O)c1ccc2ccccc2c1,30090.0,inactive
CHEMBL4090090,O=c1cc(-c2ccc(O)c(O)c2)oc2c(O)c(O)c([123I])cc12,1650.0,intermediate
CHEMBL4097807,O=C(Nc1cc([123I])cc(NC(=O)c2cccc(O)c2O)c1)c1cccc(O)c1O,1580.0,intermediate
CHEMBL4204705,CN(C)CCCCn1c2ccc(-c3nc4ccc(N5CCN(CCO)CC5)cc4[nH]3)cc2c2cc(-c3nc4ccc(N5CCN(CCO)CC5)cc4[nH]3)ccc21,300.0,active
CHEMBL4453659,CCCc1n[nH]c(C(N)=O)c1NC(=O)/C=C/c1ccco1,1020.0,intermediate
CHEMBL4638841,Cc1cn([C@H]2C[C@H](n3cc(COc4ccc(S(N)(=O)=O)cc4)nn3)[C@@H](CO)O2)c(=O)[nH]c1=O,5200.0,intermediate
CHEMBL4632724,Cc1cn([C@H]2C[C@H](n3cc(COC(=O)c4ccc(S(N)(=O)=O)cc4)nn3)[C@@H](CO)O2)c(=O)[nH]c1=O,6000.0,intermediate
CHEMBL4637598,Cc1cn([C@H]2C[C@H](n3cc(CNC(=O)c4ccc(S(N)(=O)=O)cc4)nn3)[C@@H](CO)O2)c(=O)[nH]c1=O,9100.0,intermediate
CHEMBL4634543,Cc1cn([C@H]2C[C@H](n3cc(C[Se]c4ccc(NC(=S)Nc5cccc(S(N)(=O)=O)c5)cc4)nn3)[C@@H](CO)O2)c(=O)[nH]c1=O,5600.0,intermediate
CHEMBL4857212,O=C(OCCn1c([N+](=O)[O-])cnc1/C=C/c1ccc2ccccc2c1)c1nccc2ccccc12,980.0,active
CHEMBL4852832,CN(C)c1ccc(/C=C/c2ncc([N+](=O)[O-])n2CCOC(=O)c2nccc3ccccc23)cc1,1920.0,intermediate
